NO,Drangedal stasjon,https://rtd.banenor.no/web_client/std?layout=portrait&station=DRD,9.064365333333333,59.096217
NO,Sagdalen stasjon,https://rtd.banenor.no/web_client/std?layout=portrait&station=SDA,11.016505176470588,59.95610276470589
NO,Skonseng stasjon,https://rtd.banenor.no/web_client/std?layout=portrait&station=SEG,14.344738,66.36202349999999
NO,Eina stasjon,https://rtd.banenor.no/web_client/std?layout=portrait&station=EIN,10.597214599999997,60.6301645
NO,Sandefjord stasjon,https://rtd.banenor.no/web_client/std?layout=portrait&station=SFJ,10.222798999999998,59.13537778571429
NO,Drammen stasjon,https://rtd.banenor.no/web_client/std?layout=portrait&station=DRM,10.205147857142858,59.74014414285715
NO,Skogn stasjon,https://rtd.banenor.no/web_client/std?layout=portrait&station=SGN,11.194154666666668,63.70499533333333
NO,Seimsgrend stasjon,https://rtd.banenor.no/web_client/std?layout=portrait&station=SGR,6.236324,60.632428000000004
NO,Haltdalen stasjon,https://rtd.banenor.no/web_client/std?layout=portrait&station=HDN,11.14432,62.928385999999996
NO,Elverum stasjon,https://rtd.banenor.no/web_client/std?layout=portrait&station=ELV,11.5461668,60.88278859999999
NO,Singsås stasjon,https://rtd.banenor.no/web_client/std?layout=portrait&station=SIN,10.729221,62.956243
NO,Porsgrunn stasjon,https://rtd.banenor.no/web_client/std?layout=portrait&station=PG,9.65885625,59.13979305
NO,Sira stasjon,https://rtd.banenor.no/web_client/std?layout=portrait&station=SIR,6.660744307692307,58.41769792307692
NO,Skarnes stasjon,https://rtd.banenor.no/web_client/std?layout=portrait&station=SKA,11.680422157894737,60.253612
NO,Heggedal stasjon,https://rtd.banenor.no/web_client/std?layout=portrait&station=HEG,10.43084847368421,59.78648384210527
NO,Ski stasjon,https://rtd.banenor.no/web_client/std?layout=portrait&station=SKI,10.834146418181819,59.71872818181818
NO,Stokke stasjon,https://rtd.banenor.no/web_client/std?layout=portrait&station=SKK,10.299935352941176,59.22128870588235
NO,Heia stasjon,https://rtd.banenor.no/web_client/std?layout=portrait&station=HEI,11.329735,59.473108
NO,Skien stasjon,https://rtd.banenor.no/web_client/std?layout=portrait&station=SKN,9.602506076923078,59.22012169230769
NO,Skoppum stasjon,https://rtd.banenor.no/web_client/std?layout=portrait&station=SKP,10.411013,59.391056666666664
NO,Hell stasjon,https://rtd.banenor.no/web_client/std?layout=portrait&station=HEL,10.896422999999999,63.4460855
NO,Evenstad stasjon,https://rtd.banenor.no/web_client/std?layout=portrait&station=EVE,11.099568000000001,61.42327
NO,Skansen stasjon,https://rtd.banenor.no/web_client/std?layout=portrait&station=SKS,10.3776505,63.431140000000006
NO,Skatval stasjon,https://rtd.banenor.no/web_client/std?layout=portrait&station=SKV,10.825778333333332,63.50861833333334
NO,Hellvik stasjon,https://rtd.banenor.no/web_client/std?layout=portrait&station=HEV,5.897391666666667,58.48579900000001
NO,Raufoss stasjon,https://rtd.banenor.no/web_client/std?layout=portrait&station=RAU,10.613552285714286,60.72227542857143
NO,Evanger stasjon,https://rtd.banenor.no/web_client/std?layout=portrait&station=EVG,6.111368352941177,60.646712352941165
NO,Skøyen stasjon,https://rtd.banenor.no/web_client/std?layout=portrait&station=SKØ,10.67925616216216,59.92222329729731
NO,Selsbakk stasjon,https://rtd.banenor.no/web_client/std?layout=portrait&station=SLB,10.373182666666667,63.38944
NO,Lysaker stasjon,https://rtd.banenor.no/web_client/std?layout=portrait&station=LYS,10.6372478,59.9134502
NO,Hønefoss stasjon,https://rtd.banenor.no/web_client/std?layout=portrait&station=HFS,10.248891153846156,60.1691796153846
NO,Eidsvoll stasjon,https://rtd.banenor.no/web_client/std?layout=portrait&station=EVL,11.247966785714285,60.33072621428572
NO,Lønsdal stasjon,https://rtd.banenor.no/web_client/std?layout=portrait&station=LØN,15.462925,66.74275933333334
NO,Lørenskog stasjon,https://rtd.banenor.no/web_client/std?layout=portrait&station=LØR,10.943934555555556,59.94527861111111
NO,Eidsvoll verk stasjon,https://rtd.banenor.no/web_client/std?layout=portrait&station=EVV,11.169624631578948,60.28792842105264
NO,Haugenstua stasjon,https://rtd.banenor.no/web_client/std?layout=portrait&station=HGA,10.907628388888888,59.951707388888885
NO,Løten stasjon,https://rtd.banenor.no/web_client/std?layout=portrait&station=LØT,11.342241333333334,60.81869866666667
NO,Ringebu stasjon,https://rtd.banenor.no/web_client/std?layout=portrait&station=RBU,10.139129666666667,61.529175
NO,Majavatn stasjon,https://rtd.banenor.no/web_client/std?layout=portrait&station=MAJ,13.367729000000002,65.16437233333333
NO,Hjerkinn stasjon,https://rtd.banenor.no/web_client/std?layout=portrait&station=HJN,9.541136999999999,62.2200355
NO,Fauske stasjon,https://rtd.banenor.no/web_client/std?layout=portrait&station=FAU,15.3990992,67.26436179999999
NO,Marnardal stasjon,https://rtd.banenor.no/web_client/std?layout=portrait&station=MDL,7.512526199999999,58.212298499999996
NO,Gulskogen stasjon,https://rtd.banenor.no/web_client/std?layout=portrait&station=GUL,10.159694681818182,59.74380150000001
NO,Meråker stasjon,https://rtd.banenor.no/web_client/std?layout=portrait&station=MER,11.760273,63.422755
NO,Mjølfjell stasjon,https://rtd.banenor.no/web_client/std?layout=portrait&station=MFJ,6.840302666666666,60.69394533333334
NO,Fetsund stasjon,https://rtd.banenor.no/web_client/std?layout=portrait&station=FET,11.161874181818183,59.92661409090909
NO,Mjøndalen stasjon,https://rtd.banenor.no/web_client/std?layout=portrait&station=MJD,10.010747899999998,59.75105699999999
NO,Moelv stasjon,https://rtd.banenor.no/web_client/std?layout=portrait&station=MLV,10.698127842105263,60.9299474736842
NO,Halden stasjon,https://rtd.banenor.no/web_client/std?layout=portrait&station=HLD,11.38335575,59.12012966666666
NO,Mo i Rana stasjon,https://rtd.banenor.no/web_client/std?layout=portrait&station=MO,14.133092363636365,66.3094870909091
NO,Moi stasjon,https://rtd.banenor.no/web_client/std?layout=portrait&station=MOI,6.552048555555555,58.457717111111116
NO,Reitan stasjon,https://rtd.banenor.no/web_client/std?layout=portrait&station=REI,11.379188500000001,62.807475
NO,Finse stasjon,https://rtd.banenor.no/web_client/std?layout=portrait&station=FIN,7.504361416666668,60.601698666666664
NO,Holmlia stasjon,https://rtd.banenor.no/web_client/std?layout=portrait&station=HMA,10.797108294117645,59.834954705882346
NO,Moss stasjon,https://rtd.banenor.no/web_client/std?layout=portrait&station=MOS,10.65725025,59.431841250000005
NO,Mariero stasjon,https://rtd.banenor.no/web_client/std?layout=portrait&station=MRO,5.753903733333334,58.93329206666667
NO,Fjellhamar stasjon,https://rtd.banenor.no/web_client/std?layout=portrait&station=FJE,10.982248315789473,59.94080847368421
NO,Heimdal stasjon,https://rtd.banenor.no/web_client/std?layout=portrait&station=HMD,10.35763625,63.35093
NO,Mosjøen stasjon,https://rtd.banenor.no/web_client/std?layout=portrait&station=MSJ,13.199569181818184,65.84507936363637
NO,Melhus skysstasjon,https://rtd.banenor.no/web_client/std?layout=portrait&station=MSK,10.2767135,63.2843805
NO,Flaten stasjon,https://rtd.banenor.no/web_client/std?layout=portrait&station=FLA,8.680754,58.636224
NO,Movatn stasjon,https://rtd.banenor.no/web_client/std?layout=portrait&station=MVT,10.813026333333333,60.03774933333333
NO,Hamar stasjon,https://rtd.banenor.no/web_client/std?layout=portrait&station=HMR,11.078472166666666,60.791178333333335
NO,Myrdal stasjon,https://rtd.banenor.no/web_client/std?layout=portrait&station=MYR,7.1228915,60.73512825
NO,Flå stasjon,https://rtd.banenor.no/web_client/std?layout=portrait&station=FLÅ,9.473262666666665,60.432194
NO,Mysen stasjon,https://rtd.banenor.no/web_client/std?layout=portrait&station=MYS,11.323757666666667,59.55419577777778
NO,Hommelvik stasjon,https://rtd.banenor.no/web_client/std?layout=portrait&station=HMV,10.794057375,63.41166324999999
NO,Rena stasjon,https://rtd.banenor.no/web_client/std?layout=portrait&station=REN,11.3697,61.134773333333335
NO,Myrvoll stasjon,https://rtd.banenor.no/web_client/std?layout=portrait&station=MYV,10.800451411764707,59.78658747058824
NO,Flåm stasjon,https://rtd.banenor.no/web_client/std?layout=portrait&station=FM,7.113801333333334,60.86300533333334
NO,Mørkved stasjon,https://rtd.banenor.no/web_client/std?layout=portrait&station=MØR,14.556891,67.283868
NO,Hovin stasjon,https://rtd.banenor.no/web_client/std?layout=portrait&station=HOI,10.230438000000001,63.09889866666666
NO,Nordby stasjon,https://rtd.banenor.no/web_client/std?layout=portrait&station=NBY,11.181741222222222,60.15586633333334
NO,Fredrikstad stasjon,https://rtd.banenor.no/web_client/std?layout=portrait&station=FRE,10.950559352941175,59.209061705882355
NO,Nærbø stasjon,https://rtd.banenor.no/web_client/std?layout=portrait&station=NBØ,5.6408987647058835,58.66620711764706
NO,Hokksund stasjon,https://rtd.banenor.no/web_client/std?layout=portrait&station=HOK,9.90935053846154,59.76792453846154
NO,Nodeland stasjon,https://rtd.banenor.no/web_client/std?layout=portrait&station=NDL,7.835847529411764,58.15651199999999
NO,Froland stasjon,https://rtd.banenor.no/web_client/std?layout=portrait&station=FRL,8.654453,58.529409
NO,Dunderland stasjon,https://rtd.banenor.no/web_client/std?layout=portrait&station=DUN,14.837975666666665,66.446048
NO,Nelaug stasjon,https://rtd.banenor.no/web_client/std?layout=portrait&station=NEL,8.631274269230769,58.65701661538461
NO,Hegra stasjon,https://rtd.banenor.no/web_client/std?layout=portrait&station=HRA,11.103640500000001,63.4610155
NO,Nerdrum stasjon,https://rtd.banenor.no/web_client/std?layout=portrait&station=NER,11.1412335,59.922852000000006
NO,Frogner stasjon,https://rtd.banenor.no/web_client/std?layout=portrait&station=FRO,11.102587333333336,60.02243177777778
NO,Holmestrand stasjon,https://rtd.banenor.no/web_client/std?layout=portrait&station=HSD,10.310512666666668,59.490362000000005
NO,Nesbyen stasjon,https://rtd.banenor.no/web_client/std?layout=portrait&station=NES,9.11308123076923,60.57686330769231
NO,Ganddal stasjon,https://rtd.banenor.no/web_client/std?layout=portrait&station=GAN,5.717410125000001,58.82362837499999
NO,Nordagutu stasjon,https://rtd.banenor.no/web_client/std?layout=portrait&station=NGU,9.32235653846154,59.41867138461537
NO,Nittedal stasjon,https://rtd.banenor.no/web_client/std?layout=portrait&station=NIT,10.863651052631578,60.05820799999999
NO,Hauerseter stasjon,https://rtd.banenor.no/web_client/std?layout=portrait&station=HSR,11.195343,60.18470825
NO,Oslo lufthavn stasjon,https://rtd.banenor.no/web_client/std?layout=portrait&station=GAR,11.096444758620692,60.19261544827586
NO,Rånåsfoss stasjon,https://rtd.banenor.no/web_client/std?layout=portrait&station=RFS,11.327970333333333,60.029332000000004
NO,Lademoen stasjon,https://rtd.banenor.no/web_client/std?layout=portrait&station=NNN,10.4166955,63.4372465
NO,Hunderfossen stasjon,https://rtd.banenor.no/web_client/std?layout=portrait&station=HSS,10.438605,61.223647
NO,Namsskogan stasjon,https://rtd.banenor.no/web_client/std?layout=portrait&station=NSK,13.152150333333333,64.92580333333335
NO,Nordstrand stasjon,https://rtd.banenor.no/web_client/std?layout=portrait&station=NST,10.785714352941175,59.863493411764715
NO,Harestua stasjon,https://rtd.banenor.no/web_client/std?layout=portrait&station=HST,10.722878222222224,60.20656233333332
NO,Gausel stasjon,https://rtd.banenor.no/web_client/std?layout=portrait&station=GAU,5.740164764705883,58.90021917647058
NO,Hauketo stasjon,https://rtd.banenor.no/web_client/std?layout=portrait&station=HTO,10.802885352941177,59.846016294117646
NO,Nationaltheatret stasjon,https://rtd.banenor.no/web_client/std?layout=portrait&station=NTH,10.7280778,59.9153992
NO,Gullhella stasjon,https://rtd.banenor.no/web_client/std?layout=portrait&station=GHA,10.436595333333335,59.806315444444444
NO,Gyland stasjon,https://rtd.banenor.no/web_client/std?layout=portrait&station=GYL,6.8384749,58.384338400000004
NO,Nisterud stasjon,https://rtd.banenor.no/web_client/std?layout=portrait&station=NTR,9.484872,59.300468
NO,Hvalstad stasjon,https://rtd.banenor.no/web_client/std?layout=portrait&station=HVA,10.46155011764706,59.859447529411774
NO,Gjerstad stasjon,https://rtd.banenor.no/web_client/std?layout=portrait&station=GJE,9.023300909090908,58.870021272727264
NO,Neslandsvatn stasjon,https://rtd.banenor.no/web_client/std?layout=portrait&station=NVT,9.156206,58.971279
NO,Gudå stasjon,https://rtd.banenor.no/web_client/std?layout=portrait&station=GU,11.618110000000001,63.443794999999994
NO,Nydalen stasjon,https://rtd.banenor.no/web_client/std?layout=portrait&station=NYD,10.771952624999999,59.95170412499999
NO,Gjøvik stasjon,https://rtd.banenor.no/web_client/std?layout=portrait&station=GJØ,10.69484715,60.7968968
NO,Høvik stasjon,https://rtd.banenor.no/web_client/std?layout=portrait&station=HVK,10.582718833333333,59.90107066666667
NO,Nyland stasjon,https://rtd.banenor.no/web_client/std?layout=portrait&station=NYL,10.871890647058825,59.94401611764706
NO,Ogna stasjon,https://rtd.banenor.no/web_client/std?layout=portrait&station=OGN,5.803213666666667,58.519776666666665
NO,Rognes stasjon,https://rtd.banenor.no/web_client/std?layout=portrait&station=RGN,10.4584925,63.004823
NO,Gjerdåker stasjon,https://rtd.banenor.no/web_client/std?layout=portrait&station=GJÅ,6.463629,60.639413
NO,Høybråten stasjon,https://rtd.banenor.no/web_client/std?layout=portrait&station=HØB,10.927851529411766,59.94806576470588
NO,Oppdal stasjon,https://rtd.banenor.no/web_client/std?layout=portrait&station=OPD,9.693731714285715,62.59288721428572
NO,Geilo stasjon,https://rtd.banenor.no/web_client/std?layout=portrait&station=GLO,8.206109894736842,60.53452973684211
NO,Høn stasjon,https://rtd.banenor.no/web_client/std?layout=portrait&station=HØN,10.455037,59.84315570588235
NO,Oppegård stasjon,https://rtd.banenor.no/web_client/std?layout=portrait&station=OPG,10.812941117647059,59.765404000000004
NO,Gol stasjon,https://rtd.banenor.no/web_client/std?layout=portrait&station=GOL,8.971679363636362,60.69911245454546
NO,Håreina stasjon,https://rtd.banenor.no/web_client/std?layout=portrait&station=HÅR,7.122742000000001,60.8397475
NO,Opphus stasjon,https://rtd.banenor.no/web_client/std?layout=portrait&station=OPH,11.260556999999999,61.331759500000004
NO,Ilseng stasjon,https://rtd.banenor.no/web_client/std?layout=portrait&station=ILS,11.222259,60.776864
NO,Glåmos stasjon,https://rtd.banenor.no/web_client/std?layout=portrait&station=GOS,11.416577666666667,62.674427666666666
NO,Os stasjon,https://rtd.banenor.no/web_client/std?layout=portrait&station=OS,11.227211333333335,62.49738500000001
NO,Jaren stasjon,https://rtd.banenor.no/web_client/std?layout=portrait&station=JAR,10.556103529411763,60.39297341176469
NO,Oslo S,https://rtd.banenor.no/web_client/std?layout=portrait&station=OSL,10.755961230769229,59.91057632692308
NO,Gran stasjon,https://rtd.banenor.no/web_client/std?layout=portrait&station=GRA,10.569642714285715,60.3592752857143
NO,Tøyen stasjon,https://rtd.banenor.no/web_client/std?layout=portrait&station=TØY,10.780518818181818,59.92106545454545
NO,Grefsen stasjon,https://rtd.banenor.no/web_client/std?layout=portrait&station=GRE,10.780356375,59.941695625
NO,Jessheim stasjon,https://rtd.banenor.no/web_client/std?layout=portrait&station=JEH,11.17706525,60.1423955
NO,Upsete stasjon,https://rtd.banenor.no/web_client/std?layout=portrait&station=UPS,7.011532,60.725341
NO,Rise stasjon,https://rtd.banenor.no/web_client/std?layout=portrait&station=RIS,8.6237445,58.468481
NO,Grong stasjon,https://rtd.banenor.no/web_client/std?layout=portrait&station=GRG,12.33739447368421,64.4588624736842
NO,Urdland stasjon,https://rtd.banenor.no/web_client/std?layout=portrait&station=URD,6.592875666666667,60.67948366666667
NO,Jørstad stasjon,https://rtd.banenor.no/web_client/std?layout=portrait&station=JØR,12.241623,64.206609
NO,Ustaoset stasjon,https://rtd.banenor.no/web_client/std?layout=portrait&station=UST,8.045732916666667,60.496097666666664
NO,Grorud stasjon,https://rtd.banenor.no/web_client/std?layout=portrait&station=GRO,10.88763525,59.94978175
NO,Jåttåvågen stasjon,https://rtd.banenor.no/web_client/std?layout=portrait&station=JÅT,5.729411666666667,58.91367193333333
NO,Vaksdal stasjon,https://rtd.banenor.no/web_client/std?layout=portrait&station=VAD,5.734778153846154,60.47928215384614
NO,Grua stasjon,https://rtd.banenor.no/web_client/std?layout=portrait&station=GRU,10.664988636363637,60.25924863636363
NO,Vakås stasjon,https://rtd.banenor.no/web_client/std?layout=portrait&station=VAK,10.466492000000002,59.849213176470585
NO,Kvål stasjon,https://rtd.banenor.no/web_client/std?layout=portrait&station=KVÅ,10.280014999999999,63.233371500000004
NO,Valnesfjord stasjon,https://rtd.banenor.no/web_client/std?layout=portrait&station=VAL,15.1920715,67.29945950000001
NO,Langhus stasjon,https://rtd.banenor.no/web_client/std?layout=portrait&station=LAN,10.836429705882352,59.749244529411776
NO,Varingskollen stasjon,https://rtd.banenor.no/web_client/std?layout=portrait&station=VAR,10.847395749999999,60.105979500000004
NO,Ronglan stasjon,https://rtd.banenor.no/web_client/std?layout=portrait&station=RLA,11.113227333333333,63.66644466666667
NO,Arendal stasjon,https://rtd.banenor.no/web_client/std?layout=portrait&station=ADL,8.769499,58.464986499999995
NO,Lindeberg stasjon,https://rtd.banenor.no/web_client/std?layout=portrait&station=LBG,11.12814847368421,60.03939294736842
NO,Vestby stasjon,https://rtd.banenor.no/web_client/std?layout=portrait&station=VBY,10.748640705882353,59.60381964705882
NO,Alna stasjon,https://rtd.banenor.no/web_client/std?layout=portrait&station=ALA,10.835262588235295,59.93239535294118
NO,Lilleby stasjon,https://rtd.banenor.no/web_client/std?layout=portrait&station=LDM,10.43238,63.439895
NO,Verdal stasjon,https://rtd.banenor.no/web_client/std?layout=portrait&station=VDL,11.484208454545453,63.791534999999996
NO,Alvdal stasjon,https://rtd.banenor.no/web_client/std?layout=portrait&station=ALV,10.632815666666666,62.10897766666667
NO,Leangen stasjon,https://rtd.banenor.no/web_client/std?layout=portrait&station=LEA,10.461507454545453,63.43757681818182
NO,Vevelstad stasjon,https://rtd.banenor.no/web_client/std?layout=portrait&station=VEV,10.837407294117646,59.756238882352946
NO,Arna stasjon,https://rtd.banenor.no/web_client/std?layout=portrait&station=ARN,5.465911391304347,60.42002656521739
NO,Otta stasjon,https://rtd.banenor.no/web_client/std?layout=portrait&station=OTA,9.536957875,61.772656375
NO,Ler stasjon,https://rtd.banenor.no/web_client/std?layout=portrait&station=LER,10.2984475,63.1989455
NO,Vestfossen stasjon,https://rtd.banenor.no/web_client/std?layout=portrait&station=VFS,9.866674411764707,59.73397011764706
NO,Lesja stasjon,https://rtd.banenor.no/web_client/std?layout=portrait&station=LES,8.853963666666665,62.118635000000005
NO,Vegårshei stasjon,https://rtd.banenor.no/web_client/std?layout=portrait&station=VGH,8.855518666666667,58.76080533333334
NO,Hanaborg stasjon,https://rtd.banenor.no/web_client/std?layout=portrait&station=HAB,10.965359470588238,59.939021117647066
NO,Varhaug stasjon,https://rtd.banenor.no/web_client/std?layout=portrait&station=VHG,5.646276333333333,58.61846466666666
NO,Askim stasjon,https://rtd.banenor.no/web_client/std?layout=portrait&station=ASM,11.163431578947367,59.581768473684214
NO,Levanger stasjon,https://rtd.banenor.no/web_client/std?layout=portrait&station=LEV,11.301292916666666,63.74501783333333
NO,Vikhammer stasjon,https://rtd.banenor.no/web_client/std?layout=portrait&station=VHR,10.623857545454547,63.438884
NO,Asker stasjon,https://rtd.banenor.no/web_client/std?layout=portrait&station=ASR,10.434491571428572,59.833343428571425
NO,Reimegrend stasjon,https://rtd.banenor.no/web_client/std?layout=portrait&station=RMG,6.730874666666666,60.678165
NO,Lillehammer stasjon,https://rtd.banenor.no/web_client/std?layout=portrait&station=LHM,10.461036242424244,61.11508775757576
NO,Vigrestad stasjon,https://rtd.banenor.no/web_client/std?layout=portrait&station=VIG,5.687259333333333,58.57037866666666
NO,Vinstra stasjon,https://rtd.banenor.no/web_client/std?layout=portrait&station=VIN,9.746935666666666,61.595397999999996
NO,Lier stasjon,https://rtd.banenor.no/web_client/std?layout=portrait&station=LIE,10.290151588235293,59.76339082352941
NO,Atna stasjon,https://rtd.banenor.no/web_client/std?layout=portrait&station=ATN,10.835149,61.732337666666666
NO,Vikersund stasjon,https://rtd.banenor.no/web_client/std?layout=portrait&station=VKS,9.99822225,59.969364999999996
NO,Ljan stasjon,https://rtd.banenor.no/web_client/std?layout=portrait&station=LJA,10.784652882352942,59.852351941176465
NO,Audnedal stasjon,https://rtd.banenor.no/web_client/std?layout=portrait&station=AUD,7.367356000000001,58.318905333333326
NO,Vennesla stasjon,https://rtd.banenor.no/web_client/std?layout=portrait&station=VNL,7.967605666666667,58.25300133333334
NO,Ljosanbotn stasjon,https://rtd.banenor.no/web_client/std?layout=portrait&station=LJB,6.9013575,60.708684000000005
NO,Drevvatn stasjon,https://rtd.banenor.no/web_client/std?layout=portrait&station=DVT,13.455641333333334,66.07121500000001
NO,Voss stasjon,https://rtd.banenor.no/web_client/std?layout=portrait&station=VOS,6.409172965517241,60.62907468965517
NO,Auli stasjon,https://rtd.banenor.no/web_client/std?layout=portrait&station=AUL,11.351679,60.039008
NO,Vieren stasjon,https://rtd.banenor.no/web_client/std?layout=portrait&station=VRN,6.979523,60.709247
NO,Langlete stasjon,https://rtd.banenor.no/web_client/std?layout=portrait&station=LLE,10.9792805,62.960606
NO,Auma stasjon,https://rtd.banenor.no/web_client/std?layout=portrait&station=AUM,10.658648999999999,62.22059366666667
NO,Vatnahalsen stasjon,https://rtd.banenor.no/web_client/std?layout=portrait&station=VTH,7.1298695,60.743859
NO,Reinunga stasjon,https://rtd.banenor.no/web_client/std?layout=portrait&station=RNU,7.139198,60.743883
NO,Lillestrøm stasjon,https://rtd.banenor.no/web_client/std?layout=portrait&station=LLS,11.044961294117648,59.95342382352941
NO,Bergsgrav stasjon,https://rtd.banenor.no/web_client/std?layout=portrait&station=BEG,11.471117999999999,63.771145666666676
NO,Trondheim lufthavn stasjon,https://rtd.banenor.no/web_client/std?layout=portrait&station=VÆR,10.913840181818184,63.45342863636363
NO,Berekvam stasjon,https://rtd.banenor.no/web_client/std?layout=portrait&station=BER,7.0957905,60.788258
NO,Roa stasjon,https://rtd.banenor.no/web_client/std?layout=portrait&station=ROA,10.62086075,60.28343612500001
NO,Bjerka stasjon,https://rtd.banenor.no/web_client/std?layout=portrait&station=BJE,13.831707666666667,66.14981
NO,Lundamo stasjon,https://rtd.banenor.no/web_client/std?layout=portrait&station=LMO,10.280140666666666,63.152007999999995
NO,Ygre stasjon,https://rtd.banenor.no/web_client/std?layout=portrait&station=YGH,6.5073165,60.645317500000004
NO,Lunden stasjon,https://rtd.banenor.no/web_client/std?layout=portrait&station=LND,7.113873,60.8507665
NO,Bjorli stasjon,https://rtd.banenor.no/web_client/std?layout=portrait&station=BJO,8.201212666666667,62.258546
NO,Ørneberget stasjon,https://rtd.banenor.no/web_client/std?layout=portrait&station=ØBG,6.940806,60.70377
NO,Lerkendal stasjon,https://rtd.banenor.no/web_client/std?layout=portrait&station=LRK,10.409237,63.413874
NO,Blakstad stasjon,https://rtd.banenor.no/web_client/std?layout=portrait&station=BLA,8.648678499999999,58.5074715
NO,Øyeflaten stasjon,https://rtd.banenor.no/web_client/std?layout=portrait&station=ØFL,6.627567,60.6801975
NO,Leirsund stasjon,https://rtd.banenor.no/web_client/std?layout=portrait&station=LSD,11.0877834,60.00049200000001
NO,Bleiken stasjon,https://rtd.banenor.no/web_client/std?layout=portrait&station=BLE,10.5004905,60.4684955
NO,Øksnavadporten stasjon,https://rtd.banenor.no/web_client/std?layout=portrait&station=ØKP,5.701594749999999,58.7866485
NO,Lassemoen stasjon,https://rtd.banenor.no/web_client/std?layout=portrait&station=LSM,12.714858,64.69626066666667
NO,Blomheller stasjon,https://rtd.banenor.no/web_client/std?layout=portrait&station=BLH,7.101845,60.771691
NO,Blaker stasjon,https://rtd.banenor.no/web_client/std?layout=portrait&station=BLK,11.300920142857143,60.004688571428574
NO,Lesjaverk stasjon,https://rtd.banenor.no/web_client/std?layout=portrait&station=LSV,8.538158,62.192426499999996
NO,Rognan stasjon,https://rtd.banenor.no/web_client/std?layout=portrait&station=ROG,15.398535,67.09336900000001
NO,Blommenholm stasjon,https://rtd.banenor.no/web_client/std?layout=portrait&station=BLO,10.555106,59.897268
NO,Lunner stasjon,https://rtd.banenor.no/web_client/std?layout=portrait&station=LU,10.584708000000001,60.30463428571428
NO,Bellingmo stasjon,https://rtd.banenor.no/web_client/std?layout=portrait&station=BMO,10.78518,62.030096
NO,Lunde stasjon,https://rtd.banenor.no/web_client/std?layout=portrait&station=LUN,9.1009155,59.29899275
NO,Åneby stasjon,https://rtd.banenor.no/web_client/std?layout=portrait&station=ÅBY,10.862620999999999,60.085524
NO,Larvik stasjon,https://rtd.banenor.no/web_client/std?layout=portrait&station=LVK,10.03101025,59.05008907142855
NO,Bodø stasjon,https://rtd.banenor.no/web_client/std?layout=portrait&station=BO,14.393073461538462,67.28667453846153
NO,Ål stasjon,https://rtd.banenor.no/web_client/std?layout=portrait&station=ÅL,8.563055736842106,60.62655042105264
NO,Haga stasjon,https://rtd.banenor.no/web_client/std?layout=portrait&station=HAG,11.37348,60.05396199999999
NO,Bodung stasjon,https://rtd.banenor.no/web_client/std?layout=portrait&station=BOD,11.419889,60.085114
NO,Kambo stasjon,https://rtd.banenor.no/web_client/std?layout=portrait&station=KAM,10.692446235294115,59.47780505882353
NO,Ålen stasjon,https://rtd.banenor.no/web_client/std?layout=portrait&station=ÅLN,11.315035,62.846445
NO,Bolstadøyri stasjon,https://rtd.banenor.no/web_client/std?layout=portrait&station=BOL,5.957737333333333,60.63789366666666
NO,Kongsberg stasjon,https://rtd.banenor.no/web_client/std?layout=portrait&station=KBG,9.650677535714285,59.672336178571435
NO,Åndalsnes stasjon,https://rtd.banenor.no/web_client/std?layout=portrait&station=ÅND,7.69062,62.56729033333334
NO,Bondivann stasjon,https://rtd.banenor.no/web_client/std?layout=portrait&station=BON,10.43306,59.820312
NO,Bryn stasjon,https://rtd.banenor.no/web_client/std?layout=portrait&station=BR,10.819984176470587,59.90859847058824
NO,Røros stasjon,https://rtd.banenor.no/web_client/std?layout=portrait&station=ROS,11.379037666666667,62.574622999999995
NO,Kjelsås stasjon,https://rtd.banenor.no/web_client/std?layout=portrait&station=KJE,10.783362785714287,59.96626542857143
NO,Kjosfossen stasjon,https://rtd.banenor.no/web_client/std?layout=portrait&station=KJF,7.135649,60.746953
NO,Brakerøya stasjon,https://rtd.banenor.no/web_client/std?layout=portrait&station=BRA,10.233050333333333,59.74382333333333
NO,Røstad stasjon,https://rtd.banenor.no/web_client/std?layout=portrait&station=EBE,11.319476166666666,63.753109
NO,Årnes stasjon,https://rtd.banenor.no/web_client/std?layout=portrait&station=ÅRN,11.464960076923076,60.12382084615385
NO,Brumunddal stasjon,https://rtd.banenor.no/web_client/std?layout=portrait&station=BRD,10.937377363636363,60.880534727272725
NO,Klepp stasjon,https://rtd.banenor.no/web_client/std?layout=portrait&station=KLP,5.6785480625,58.7720525625
NO,Ås stasjon,https://rtd.banenor.no/web_client/std?layout=portrait&station=ÅS,10.794602157894735,59.663191315789476
NO,Bergen stasjon,https://rtd.banenor.no/web_client/std?layout=portrait&station=BRG,5.333743833333333,60.39017233333333
NO,Kløve stasjon,https://rtd.banenor.no/web_client/std?layout=portrait&station=KLV,6.5350304999999995,60.663238
NO,Kløfta stasjon,https://rtd.banenor.no/web_client/std?layout=portrait&station=KLØ,11.139139789473683,60.07521442105263
NO,Åsen stasjon,https://rtd.banenor.no/web_client/std?layout=portrait&station=ÅSE,11.053255285714288,63.60978557142857
NO,Breland stasjon,https://rtd.banenor.no/web_client/std?layout=portrait&station=BRL,7.720069333333334,58.199571666666664
NO,Knapstad stasjon,https://rtd.banenor.no/web_client/std?layout=portrait&station=KNA,11.032383111111109,59.62674466666667
NO,Brusand stasjon,https://rtd.banenor.no/web_client/std?layout=portrait&station=BRS,5.749063,58.54040733333333
NO,Bryne stasjon,https://rtd.banenor.no/web_client/std?layout=portrait&station=BRY,5.649308368421053,58.73386489473684
NO,Rotvoll stasjon,https://rtd.banenor.no/web_client/std?layout=portrait&station=ROT,10.480704,63.4366495
NO,Kolbotn stasjon,https://rtd.banenor.no/web_client/std?layout=portrait&station=KOL,10.800795333333333,59.81091466666667
NO,Billingstad stasjon,https://rtd.banenor.no/web_client/std?layout=portrait&station=BST,10.482090294117645,59.87451576470588
NO,Koppang stasjon,https://rtd.banenor.no/web_client/std?layout=portrait&station=KOP,11.044129666666665,61.57306366666666
NO,Narvik stasjon,https://rtd.banenor.no/web_client/std?layout=portrait&station=NK,17.441411000000002,68.44168833333333
NO,Bulken stasjon,https://rtd.banenor.no/web_client/std?layout=portrait&station=BUL,6.284547666666666,60.63061533333333
NO,Storekvina stasjon,https://rtd.banenor.no/web_client/std?layout=portrait&station=STO,6.9582265,58.379450874999996
NO,Rombak stasjon,https://rtd.banenor.no/web_client/std?layout=portrait&station=ROM,17.7915295,68.4036695
NO,Bjørnfjell stasjon,https://rtd.banenor.no/web_client/std?layout=portrait&station=BJF,18.0711605,68.4322335
NO,Kotsøy stasjon,https://rtd.banenor.no/web_client/std?layout=portrait&station=KOT,10.5612025,62.976425500000005
NO,Katterat stasjon,https://rtd.banenor.no/web_client/std?layout=portrait&station=KAT,17.966155666666666,68.397463
NO,Bø stasjon,https://rtd.banenor.no/web_client/std?layout=portrait&station=BØ,9.069105157894734,59.40921000000001
NO,Kvitfjell stasjon,https://rtd.banenor.no/web_client/std?layout=portrait&station=KVI,10.1658715,61.4726115
NO,Kopperå stasjon,https://rtd.banenor.no/web_client/std?layout=portrait&station=KPR,11.848506666666665,63.392122
NO,Søsterbekk stasjon,https://rtd.banenor.no/web_client/std?layout=portrait&station=SØS,18.0034,68.435206
NO,Stavanger stasjon,https://rtd.banenor.no/web_client/std?layout=portrait&station=STV,5.733186424242425,58.96591233333333
NO,Bøylestad stasjon,https://rtd.banenor.no/web_client/std?layout=portrait&station=BØY,8.70569,58.576599
NO,Kristinehamn station,https://rtd.banenor.no/web_client/std?layout=portrait&station=KRH,14.1083105,59.316584000000006
NO,Greverud stasjon,https://rtd.banenor.no/web_client/std?layout=portrait&station=GUD,10.806602368421053,59.77281457894736
NO,Rosenholm stasjon,https://rtd.banenor.no/web_client/std?layout=portrait&station=RSH,10.797863352941178,59.82398900000001
NO,Berkåk stasjon,https://rtd.banenor.no/web_client/std?layout=portrait&station=BÅK,10.014863727272727,62.82266754545455
NO,Støren stasjon,https://rtd.banenor.no/web_client/std?layout=portrait&station=STØ,10.285258200000001,63.0516382
NO,Bråstad stasjon,https://rtd.banenor.no/web_client/std?layout=portrait&station=BÅS,8.689602,58.462770000000006
NO,Kristiansand stasjon,https://rtd.banenor.no/web_client/std?layout=portrait&station=KRS,7.986378129032256,58.145667741935476
NO,Hakadal stasjon,https://rtd.banenor.no/web_client/std?layout=portrait&station=HAK,10.829923636363636,60.11711781818181
NO,Sandvika stasjon,https://rtd.banenor.no/web_client/std?layout=portrait&station=SV,10.525750799999999,59.892901800000004
NO,Notodden stasjon,https://rtd.banenor.no/web_client/std?layout=portrait&station=NTD,9.2570895,59.557016000000004
NO,Svingen stasjon,https://rtd.banenor.no/web_client/std?layout=portrait&station=SVI,11.177606,59.929068
NO,Charlottenberg station,https://rtd.banenor.no/web_client/std?layout=portrait&station=CG,12.297949749999999,59.884057999999996
NO,Kråkstad stasjon,https://rtd.banenor.no/web_client/std?layout=portrait&station=KRÅ,10.890690235294116,59.68367435294118
NO,Marienborg stasjon,https://rtd.banenor.no/web_client/std?layout=portrait&station=SVN,10.382729333333332,63.41858566666667
NO,Dal stasjon,https://rtd.banenor.no/web_client/std?layout=portrait&station=DAL,11.202599,60.2489585
NO,Karlstad Centralstation,https://rtd.banenor.no/web_client/std?layout=portrait&station=KTD,13.4990175,59.377953500000004
NO,Sirevåg stasjon,https://rtd.banenor.no/web_client/std?layout=portrait&station=SVÅ,5.8072505,58.5026565
NO,Darbu stasjon,https://rtd.banenor.no/web_client/std?layout=portrait&station=DAR,9.800127333333334,59.70166633333333
NO,Kvam stasjon,https://rtd.banenor.no/web_client/std?layout=portrait&station=KVA,9.7013225,61.6648365
NO,Eidsberg stasjon,https://rtd.banenor.no/web_client/std?layout=portrait&station=EBG,11.303643,59.513464
NO,Stryken stasjon,https://rtd.banenor.no/web_client/std?layout=portrait&station=SY,10.720158,60.16563133333333
NO,Kongsvinger stasjon,https://rtd.banenor.no/web_client/std?layout=portrait&station=KVG,12.0035559,60.187636
NO,Dale stasjon,https://rtd.banenor.no/web_client/std?layout=portrait&station=DL,5.815987333333333,60.58628566666667
NO,Rakkestad stasjon,https://rtd.banenor.no/web_client/std?layout=portrait&station=RST,11.339297499999999,59.427111624999995
NO,Sørumsand stasjon,https://rtd.banenor.no/web_client/std?layout=portrait&station=SØR,11.241974299999999,59.98588605
NO,Kongsvoll stasjon,https://rtd.banenor.no/web_client/std?layout=portrait&station=KVL,9.605892333333333,62.30710466666667
NO,Dombås stasjon,https://rtd.banenor.no/web_client/std?layout=portrait&station=DOM,9.125875666666666,62.06870433333333
NO,Tangen stasjon,https://rtd.banenor.no/web_client/std?layout=portrait&station=TAN,11.269716,60.61606166666667
NO,Slependen stasjon,https://rtd.banenor.no/web_client/std?layout=portrait&station=SLE,10.502726176470587,59.88568211764706
NO,Dovre stasjon,https://rtd.banenor.no/web_client/std?layout=portrait&station=DOV,9.256948,61.984607499999996
NO,Tønsberg stasjon,https://rtd.banenor.no/web_client/std?layout=portrait&station=TBG,10.408878945945947,59.27274851351353
NO,Slitu stasjon,https://rtd.banenor.no/web_client/std?layout=portrait&station=SLU,11.261982,59.566933
NO,Snartemo stasjon,https://rtd.banenor.no/web_client/std?layout=portrait&station=SNA,7.211285363636365,58.331618999999996
NO,Trondheim S,https://rtd.banenor.no/web_client/std?layout=portrait&station=TND,10.399735857142856,63.436520571428574
NO,Sande stasjon,https://rtd.banenor.no/web_client/std?layout=portrait&station=SND,10.204271578947369,59.586086473684205
NO,Tolga stasjon,https://rtd.banenor.no/web_client/std?layout=portrait&station=TOL,10.998145333333333,62.40870833333333
NO,Snippen stasjon,https://rtd.banenor.no/web_client/std?layout=portrait&station=SNI,10.810005,60.02401
NO,Tomter stasjon,https://rtd.banenor.no/web_client/std?layout=portrait&station=TOM,11.002435684210528,59.65997878947368
NO,Steinvik stasjon,https://rtd.banenor.no/web_client/std?layout=portrait&station=SNV,11.324195,61.251268499999995
NO,Reinsvoll stasjon,https://rtd.banenor.no/web_client/std?layout=portrait&station=RVO,10.616026882352942,60.67914576470588
NO,Torp stasjon,https://rtd.banenor.no/web_client/std?layout=portrait&station=TOR,10.266930200000001,59.1660849
NO,Snåsa stasjon,https://rtd.banenor.no/web_client/std?layout=portrait&station=SNÅ,12.380012,64.245852
NO,Stoa stasjon,https://rtd.banenor.no/web_client/std?layout=portrait&station=SOA,8.709398,58.465993
NO,Trengereid stasjon,https://rtd.banenor.no/web_client/std?layout=portrait&station=TRD,5.6250133333333325,60.42954633333334
NO,Solbråtan stasjon,https://rtd.banenor.no/web_client/std?layout=portrait&station=SOL,10.804342666666665,59.80097799999999
NO,Sonsveien stasjon,https://rtd.banenor.no/web_client/std?layout=portrait&station=SON,10.725740470588235,59.51549623529413
NO,Trofors stasjon,https://rtd.banenor.no/web_client/std?layout=portrait&station=TRO,13.382884666666667,65.537863
NO,Sparbu stasjon,https://rtd.banenor.no/web_client/std?layout=portrait&station=SPB,11.428811,63.918933
NO,Trykkerud stasjon,https://rtd.banenor.no/web_client/std?layout=portrait&station=TRY,9.336143499999999,59.5120945
NO,Spydeberg stasjon,https://rtd.banenor.no/web_client/std?layout=portrait&station=SPG,11.079335470588235,59.62093941176471
NO,Spikkestad stasjon,https://rtd.banenor.no/web_client/std?layout=portrait&station=SPI,10.344040636363637,59.74488163636363
NO,Tuen stasjon,https://rtd.banenor.no/web_client/std?layout=portrait&station=TUE,11.102626,59.94296
NO,Skiple stasjon,https://rtd.banenor.no/web_client/std?layout=portrait&station=SPL,6.6798435000000005,60.681148
NO,Tynset stasjon,https://rtd.banenor.no/web_client/std?layout=portrait&station=TYN,10.776224,62.274765
NO,Rygge stasjon,https://rtd.banenor.no/web_client/std?layout=portrait&station=RYG,10.74734147368421,59.37816778947369
NO,Sandnes sentrum stasjon,https://rtd.banenor.no/web_client/std?layout=portrait&station=SSE,5.736962947368421,58.85258699999999
NO,Stai stasjon,https://rtd.banenor.no/web_client/std?layout=portrait&station=STA,11.0589035,61.494281
NO,Stabekk stasjon,https://rtd.banenor.no/web_client/std?layout=portrait&station=STB,10.607263000000001,59.908032666666664
NO,Stange stasjon,https://rtd.banenor.no/web_client/std?layout=portrait&station=STG,11.195134333333334,60.71758366666666
NO,Hallingskeid stasjon,https://rtd.banenor.no/web_client/std?layout=portrait&station=HAL,7.252335333333334,60.66797766666667
NO,Stanghelle stasjon,https://rtd.banenor.no/web_client/std?layout=portrait&station=STH,5.733602533333333,60.5493268
NO,Stjørdal stasjon,https://rtd.banenor.no/web_client/std?layout=portrait&station=STJ,10.9134835,63.470451916666654
NO,Steinkjer stasjon,https://rtd.banenor.no/web_client/std?layout=portrait&station=STK,11.495029416666666,64.01216875000001
NO,Strømmen stasjon,https://rtd.banenor.no/web_client/std?layout=portrait&station=STN,11.0018163,59.949383
NO,Røra stasjon,https://rtd.banenor.no/web_client/std?layout=portrait&station=RØ,11.401493428571428,63.85749457142857
NO,Røkland stasjon,https://rtd.banenor.no/web_client/std?layout=portrait&station=RØK,15.313183500000001,66.9816385
NO,Paradis stasjon,https://rtd.banenor.no/web_client/std?layout=portrait&station=PAR,5.7422171764705885,58.95606594117647
NO,Røyken stasjon,https://rtd.banenor.no/web_client/std?layout=portrait&station=RØY,10.3897765,59.746747600000006
NO,Hanestad stasjon,https://rtd.banenor.no/web_client/std?layout=portrait&station=HAN,10.878704333333332,61.838055999999995
NO,Egersund stasjon,https://rtd.banenor.no/web_client/std?layout=portrait&station=EGS,6.001282866666667,58.46130526666666
NO,Råde stasjon,https://rtd.banenor.no/web_client/std?layout=portrait&station=RÅD,10.866121894736843,59.34738705263159
NO,Skeiane stasjon,https://rtd.banenor.no/web_client/std?layout=portrait&station=SAS,5.733579052631579,58.846728315789484
NO,Harran stasjon,https://rtd.banenor.no/web_client/std?layout=portrait&station=HAR,12.493839333333332,64.56870533333334
NO,Steinberg stasjon,https://rtd.banenor.no/web_client/std?layout=portrait&station=SBG,9.961695,59.75945033333333
NO,Sarpsborg stasjon,https://rtd.banenor.no/web_client/std?layout=portrait&station=SBO,11.118152666666665,59.285998666666664
NO,Skotbu stasjon,https://rtd.banenor.no/web_client/std?layout=portrait&station=SBU,10.945225333333333,59.666057444444455
NO,Haugastøl stasjon,https://rtd.banenor.no/web_client/std?layout=portrait&station=HAU,7.8699984999999995,60.5113085
