PT,Abrantes,https://www.cp.pt/en/pesquisa-estacao-detalhe/94-52001,-8.19432544708252,39.4401931762695
PT,Ademia,https://www.cp.pt/en/pesquisa-estacao-detalhe/94-36046,-8.45034217834473,40.2509269714355
PT,Afife,https://www.cp.pt/en/pesquisa-estacao-detalhe/94-18119,-8.86147117614746,41.7753791809082
PT,Agualva - Cacem,https://www.cp.pt/en/pesquisa-estacao-detalhe/94-61002,-9.29842472076416,38.7664260864258
PT,Aguas Santas - Palmilheira,https://www.cp.pt/en/pesquisa-estacao-detalhe/94-3046,-8.55673980712891,41.2017288208008
PT,Aguda,https://www.cp.pt/en/pesquisa-estacao-detalhe/94-39057,-8.65124893188477,41.0508079528809
PT,Agueda,https://www.cp.pt/en/pesquisa-estacao-detalhe/94-42218,-8.44823169708252,40.5774917602539
PT,Aguieira,https://www.cp.pt/en/pesquisa-estacao-detalhe/94-42267,-8.45369720458984,40.6132926940918
PT,Aguim,https://www.cp.pt/en/pesquisa-estacao-detalhe/94-37093,-8.4568042755127,40.4154052734375
PT,Albergaria dos Doze,https://www.cp.pt/en/pesquisa-estacao-detalhe/94-34439,-8.5892972946167,39.7936172485352
PT,Albufeira - Ferreiras,https://www.cp.pt/en/pesquisa-estacao-detalhe/94-78063,-8.23310947418213,37.1287422180176
PT,Alcacovas,https://www.cp.pt/en/pesquisa-estacao-detalhe/94-74120,-8.09550666809082,38.4069328308105
PT,Alcaide,https://www.cp.pt/en/pesquisa-estacao-detalhe/94-53504,-7.44878768920898,40.1338958740234
PT,Alcains,https://www.cp.pt/en/pesquisa-estacao-detalhe/94-53140,-7.43614864349365,39.9199676513672
PT,Alcantara - Mar,https://www.cp.pt/en/pesquisa-estacao-detalhe/94-69039,-9.17402172088623,38.7023506164551
PT,Alcantara - Terra,https://www.cp.pt/en/pesquisa-estacao-detalhe/94-67025,-9.17323780059814,38.7074356079102
PT,Alcantarilha,https://www.cp.pt/en/pesquisa-estacao-detalhe/94-90092,-8.34864807128906,37.1698875427246
PT,Alcaria,https://www.cp.pt/en/pesquisa-estacao-detalhe/94-53629,-7.51746082305908,40.2004852294922
PT,Aldeia,https://www.cp.pt/en/pesquisa-estacao-detalhe/94-49411,-6.88532638549805,40.6004447937012
PT,Alegria,https://www.cp.pt/en/pesquisa-estacao-detalhe/94-11064,-7.37777996063232,41.1764831542969
PT,Alferrarede,https://www.cp.pt/en/pesquisa-estacao-detalhe/94-52068,-8.18686580657959,39.4736976623535
PT,Alges,https://www.cp.pt/en/pesquisa-estacao-detalhe/94-69088,-9.22945308685303,38.6983299255371
PT,Algoz,https://www.cp.pt/en/pesquisa-estacao-detalhe/94-90050,-8.3029203414917,37.1678314208984
PT,Algueirao - Mem Martins,https://www.cp.pt/en/pesquisa-estacao-detalhe/94-61069,-9.34098434448242,38.7977142333984
PT,Alhandra,https://www.cp.pt/en/pesquisa-estacao-detalhe/94-31237,-9.01138019561768,38.9240341186523
PT,Alhos Vedros,https://www.cp.pt/en/pesquisa-estacao-detalhe/94-95075,-9.02669620513916,38.6518402099609
PT,Almancil,https://www.cp.pt/en/pesquisa-estacao-detalhe/94-78253,-8.02340698242188,37.0952262878418
PT,Almourol,https://www.cp.pt/en/pesquisa-estacao-detalhe/94-51102,-8.37401580810547,39.4622650146484
PT,Alpedrinha,https://www.cp.pt/en/pesquisa-estacao-detalhe/94-53355,-7.46195077896118,40.095157623291
PT,Alvaraes,https://www.cp.pt/en/pesquisa-estacao-detalhe/94-6338,-8.73957252502441,41.6484565734863
PT,Alvega - Ortiga,https://www.cp.pt/en/pesquisa-estacao-detalhe/94-52209,-8.04468536376953,39.4723358154297
PT,Alverca,https://www.cp.pt/en/pesquisa-estacao-detalhe/94-31187,-9.03419971466064,38.8898010253906
PT,Alvito,https://www.cp.pt/en/pesquisa-estacao-detalhe/94-74351,-8.00001811981201,38.2327156066895
PT,Amadora,https://www.cp.pt/en/pesquisa-estacao-detalhe/94-60087,-9.23602771759033,38.7598342895508
PT,Ameal,https://www.cp.pt/en/pesquisa-estacao-detalhe/94-35097,-8.54412651062012,40.1923675537109
PT,Amoreiras - Odemira,https://www.cp.pt/en/pesquisa-estacao-detalhe/94-77099,-8.41438484191895,37.6899719238281
PT,Ancora-Praia,https://www.cp.pt/en/pesquisa-estacao-detalhe/94-18150,-8.86264991760254,41.8132400512695
PT,Aregos,https://www.cp.pt/en/pesquisa-estacao-detalhe/94-9191,-8.00740051269531,41.1063804626465
PT,Areia - Darque,https://www.cp.pt/en/pesquisa-estacao-detalhe/94-6395,-8.79928302764893,41.6841468811035
PT,Arentim,https://www.cp.pt/en/pesquisa-estacao-detalhe/94-29066,-8.5082836151123,41.4904136657715
PT,Areosa,https://www.cp.pt/en/pesquisa-estacao-detalhe/94-18044,-8.85527992248535,41.7204818725586
PT,Arrifana,https://www.cp.pt/en/pesquisa-estacao-detalhe/94-44248,-8.50106430053711,40.9093894958496
PT,Arronches,https://www.cp.pt/en/pesquisa-estacao-detalhe/94-57174,-7.3333592414856,39.0968170166016
PT,Arroteia,https://www.cp.pt/en/pesquisa-estacao-detalhe/94-21055,-8.63047981262207,41.1966781616211
PT,Assumar,https://www.cp.pt/en/pesquisa-estacao-detalhe/94-57117,-7.38226699829102,39.138916015625
PT,Avanca,https://www.cp.pt/en/pesquisa-estacao-detalhe/94-38216,-8.58480072021484,40.8074798583984
PT,Aveiro,https://www.cp.pt/en/pesquisa-estacao-detalhe/94-38000,-8.64076137542725,40.643424987793
PT,Aveleda,https://www.cp.pt/en/pesquisa-estacao-detalhe/94-29108,-8.46837329864502,41.5201263427734
PT,Azambuja,https://www.cp.pt/en/pesquisa-estacao-detalhe/94-33001,-8.8669261932373,39.0681610107422
PT,Azurva,https://www.cp.pt/en/pesquisa-estacao-detalhe/94-42051,-8.59183502197266,40.6399116516113
PT,Badajoz,https://www.cp.pt/en/pesquisa-estacao-detalhe/71-37606,-6.9839301109314,38.8923683166504
PT,Baixa da Banheira,https://www.cp.pt/en/pesquisa-estacao-detalhe/94-95059,-9.04429531097412,38.6595649719238
PT,Baracal,https://www.cp.pt/en/pesquisa-estacao-detalhe/94-48454,-7.32788276672363,40.6774139404297
PT,Barca da Amieira - Envendos,https://www.cp.pt/en/pesquisa-estacao-detalhe/94-52415,-7.83501386642456,39.5259742736816
PT,Barcelos,https://www.cp.pt/en/pesquisa-estacao-detalhe/94-6122,-8.60898590087891,41.5366439819336
PT,Barqueiros,https://www.cp.pt/en/pesquisa-estacao-detalhe/94-9324,-7.88749217987061,41.1405563354492
PT,Barquinha,https://www.cp.pt/en/pesquisa-estacao-detalhe/94-51045,-8.43521690368652,39.4615898132324
PT,Barragem de Belver,https://www.cp.pt/en/pesquisa-estacao-detalhe/94-52241,-8.0012378692627,39.4819755554199
PT,Barreiro,https://www.cp.pt/en/pesquisa-estacao-detalhe/94-95000,-9.07943820953369,38.6524848937988
PT,Barreiro-A,https://www.cp.pt/en/pesquisa-estacao-detalhe/94-95026,-9.07158851623535,38.6597671508789
PT,Barrimau,https://www.cp.pt/en/pesquisa-estacao-detalhe/94-5058,-8.52612018585205,41.389835357666
PT,Barroselas,https://www.cp.pt/en/pesquisa-estacao-detalhe/94-6304,-8.7011194229126,41.6462707519531
PT,Beja,https://www.cp.pt/en/pesquisa-estacao-detalhe/94-75002,-7.85845708847046,38.018367767334
PT,Belem,https://www.cp.pt/en/pesquisa-estacao-detalhe/94-69054,-9.19762229919434,38.6961669921875
PT,Belmonte - Manteigas,https://www.cp.pt/en/pesquisa-estacao-detalhe/94-54197,-7.33627033233643,40.3333015441895
PT,Belver,https://www.cp.pt/en/pesquisa-estacao-detalhe/94-52282,-7.95870590209961,39.4919815063477
PT,Bemposta,https://www.cp.pt/en/pesquisa-estacao-detalhe/94-55129,-8.13565635681152,39.3524513244629
PT,Bencanta,https://www.cp.pt/en/pesquisa-estacao-detalhe/94-35170,-8.45627403259277,40.2144775390625
PT,Benespera,https://www.cp.pt/en/pesquisa-estacao-detalhe/94-54338,-7.26835489273071,40.4348983764648
PT,Benfica,https://www.cp.pt/en/pesquisa-estacao-detalhe/94-60046,-9.19996547698975,38.744312286377
PT,Benquerencas,https://www.cp.pt/en/pesquisa-estacao-detalhe/94-52878,-7.56221628189087,39.7882194519043
PT,Bifurcacao de Lares,https://www.cp.pt/en/pesquisa-estacao-detalhe/94-64022,-8.76472663879395,40.1223754882813
PT,Bobadela,https://www.cp.pt/en/pesquisa-estacao-detalhe/94-31070,-9.09476375579834,38.8067283630371
PT,Boliqueime,https://www.cp.pt/en/pesquisa-estacao-detalhe/94-78147,-8.15266609191895,37.122745513916
PT,Bom Joao,https://www.cp.pt/en/pesquisa-estacao-detalhe/94-73031,-7.92103290557861,37.0139923095703
PT,Bombarral,https://www.cp.pt/en/pesquisa-estacao-detalhe/94-62703,-9.15335369110107,39.2651100158691
PT,Braco de Prata,https://www.cp.pt/en/pesquisa-estacao-detalhe/94-31005,-9.10295963287354,38.7467842102051
PT,Braga,https://www.cp.pt/en/pesquisa-estacao-detalhe/94-29157,-8.43436908721924,41.5485954284668
PT,Bustelo,https://www.cp.pt/en/pesquisa-estacao-detalhe/94-8334,-8.27489852905273,41.2352676391602
PT,Cabanoes,https://www.cp.pt/en/pesquisa-estacao-detalhe/94-42150,-8.4980411529541,40.5872611999512
PT,Cabeda,https://www.cp.pt/en/pesquisa-estacao-detalhe/94-8029,-8.53610610961914,41.2206573486328
PT,Cacela,https://www.cp.pt/en/pesquisa-estacao-detalhe/94-73452,-7.53811264038086,37.176383972168
PT,Cacia,https://www.cp.pt/en/pesquisa-estacao-detalhe/94-38075,-8.59820652008057,40.6848220825195
PT,Cais do Sodre,https://www.cp.pt/en/pesquisa-estacao-detalhe/94-69005,-9.14537334442139,38.7061424255371
PT,Caldas da Rainha,https://www.cp.pt/en/pesquisa-estacao-detalhe/94-63008,-9.14015960693359,39.4064712524414
PT,Caldas de Moledo,https://www.cp.pt/en/pesquisa-estacao-detalhe/94-9399,-7.82669925689697,41.1528968811035
PT,Caminha,https://www.cp.pt/en/pesquisa-estacao-detalhe/94-18242,-8.83443927764893,41.8739814758301
PT,Campolide,https://www.cp.pt/en/pesquisa-estacao-detalhe/94-60004,-9.16805553436279,38.7322235107422
PT,Canas - Felgueira,https://www.cp.pt/en/pesquisa-estacao-detalhe/94-46599,-7.90662574768066,40.4909782409668
PT,Canelas,https://www.cp.pt/en/pesquisa-estacao-detalhe/94-38117,-8.56401920318604,40.716438293457
PT,Canicos,https://www.cp.pt/en/pesquisa-estacao-detalhe/94-28100,-8.43766498565674,41.3636741638184
PT,Carapecos,https://www.cp.pt/en/pesquisa-estacao-detalhe/94-6197,-8.63290596008301,41.5856170654297
PT,Carcavelos,https://www.cp.pt/en/pesquisa-estacao-detalhe/94-69187,-9.3374195098877,38.6878204345703
PT,Caria,https://www.cp.pt/en/pesquisa-estacao-detalhe/94-54148,-7.37070894241333,40.3060302734375
PT,Carrascal - Delongo,https://www.cp.pt/en/pesquisa-estacao-detalhe/94-40030,-8.46279716491699,39.5486526489258
PT,Carreco,https://www.cp.pt/en/pesquisa-estacao-detalhe/94-18085,-8.86333274841309,41.750415802002
PT,Carregado,https://www.cp.pt/en/pesquisa-estacao-detalhe/94-31336,-8.9536714553833,39.0054321289063
PT,Carregal do Sal,https://www.cp.pt/en/pesquisa-estacao-detalhe/94-46482,-8.00759315490723,40.4332962036133
PT,Carreira,https://www.cp.pt/en/pesquisa-estacao-detalhe/94-6056,-8.5639591217041,41.4867935180664
PT,Carvalha,https://www.cp.pt/en/pesquisa-estacao-detalhe/94-18416,-8.70248985290527,41.9798851013184
PT,Carvalhal Portela,https://www.cp.pt/en/pesquisa-estacao-detalhe/94-42309,-8.45287036895752,40.6363716125488
PT,Carvalheira - Maceda,https://www.cp.pt/en/pesquisa-estacao-detalhe/94-38356,-8.62607955932617,40.9245071411133
PT,Carvalhos de Figueiredo,https://www.cp.pt/en/pesquisa-estacao-detalhe/94-40113,-8.39527416229248,39.5710525512695
PT,Casa Branca,https://www.cp.pt/en/pesquisa-estacao-detalhe/94-74005,-8.15824222564697,38.4981575012207
PT,Casais,https://www.cp.pt/en/pesquisa-estacao-detalhe/94-35147,-8.48418807983398,40.2047462463379
PT,Casal do Alvaro,https://www.cp.pt/en/pesquisa-estacao-detalhe/94-42168,-8.48793983459473,40.5794296264648
PT,Cascais,https://www.cp.pt/en/pesquisa-estacao-detalhe/94-69260,-9.41819095611572,38.7007942199707
PT,Castanheira do Ribatejo,https://www.cp.pt/en/pesquisa-estacao-detalhe/94-31310,-8.96606159210205,38.9879112243652
PT,Castelejo,https://www.cp.pt/en/pesquisa-estacao-detalhe/94-46409,-8.08434963226318,40.4080276489258
PT,Castelo Branco,https://www.cp.pt/en/pesquisa-estacao-detalhe/94-53009,-7.4906964302063,39.8181190490723
PT,Castelo Novo,https://www.cp.pt/en/pesquisa-estacao-detalhe/94-53314,-7.46074438095093,40.0644073486328
PT,Castro Marim,https://www.cp.pt/en/pesquisa-estacao-detalhe/94-73502,-7.48387765884399,37.1967735290527
PT,Cavaco,https://www.cp.pt/en/pesquisa-estacao-detalhe/94-44172,-8.53743457794189,40.9395637512207
PT,Caxarias,https://www.cp.pt/en/pesquisa-estacao-detalhe/94-34330,-8.54564762115479,39.7145805358887
PT,Caxias,https://www.cp.pt/en/pesquisa-estacao-detalhe/94-69120,-9.27438831329346,38.6987457275391
PT,Caíde,https://www.cp.pt/en/pesquisa-estacao-detalhe/94-8383,-8.2268123626709,41.252555847168
PT,Celorico da Beira,https://www.cp.pt/en/pesquisa-estacao-detalhe/94-48405,-7.38255786895752,40.6651992797852
PT,Cerdeira,https://www.cp.pt/en/pesquisa-estacao-detalhe/94-49205,-7.04792928695679,40.5114898681641
PT,Cete,https://www.cp.pt/en/pesquisa-estacao-detalhe/94-8227,-8.35404777526855,41.1722030639648
PT,Chanca,https://www.cp.pt/en/pesquisa-estacao-detalhe/94-56101,-7.80788898468018,39.2757568359375
PT,Chao de Macas - Fatima,https://www.cp.pt/en/pesquisa-estacao-detalhe/94-34249,-8.49385833740234,39.6543731689453
PT,Coimbra-B,https://www.cp.pt/en/pesquisa-estacao-detalhe/94-36004,-8.44050121307373,40.2247161865234
PT,Coimbroes,https://www.cp.pt/en/pesquisa-estacao-detalhe/94-39149,-8.63395118713379,41.1244049072266
PT,Conceicao,https://www.cp.pt/en/pesquisa-estacao-detalhe/94-73379,-7.60558938980103,37.1443519592285
PT,Contumil,https://www.cp.pt/en/pesquisa-estacao-detalhe/94-3004,-8.57477760314941,41.1687126159668
PT,Cortegaca,https://www.cp.pt/en/pesquisa-estacao-detalhe/94-38372,-8.63024520874023,40.9406394958496
PT,Couto de Cambeses,https://www.cp.pt/en/pesquisa-estacao-detalhe/94-29033,-8.52872657775879,41.481803894043
PT,Couto de Cucujaes,https://www.cp.pt/en/pesquisa-estacao-detalhe/94-44297,-8.49416065216064,40.8682518005371
PT,Covas,https://www.cp.pt/en/pesquisa-estacao-detalhe/94-28290,-8.30089092254639,41.4214935302734
PT,Covelinhas,https://www.cp.pt/en/pesquisa-estacao-detalhe/94-10090,-7.68828105926514,41.1521377563477
PT,Covilha,https://www.cp.pt/en/pesquisa-estacao-detalhe/94-54007,-7.49613380432129,40.2774925231934
PT,Crato,https://www.cp.pt/en/pesquisa-estacao-detalhe/94-56267,-7.63527059555054,39.2694702148438
PT,Cruz Quebrada,https://www.cp.pt/en/pesquisa-estacao-detalhe/94-69104,-9.25219631195068,38.6997985839844
PT,Cuba,https://www.cp.pt/en/pesquisa-estacao-detalhe/94-74476,-7.8948016166687,38.1631240844727
PT,Cuca,https://www.cp.pt/en/pesquisa-estacao-detalhe/94-28209,-8.34193229675293,41.3764953613281
PT,Curia,https://www.cp.pt/en/pesquisa-estacao-detalhe/94-37119,-8.45611953735352,40.4243812561035
PT,Curvaceiras,https://www.cp.pt/en/pesquisa-estacao-detalhe/94-40063,-8.42990779876709,39.5478668212891
PT,Darque,https://www.cp.pt/en/pesquisa-estacao-detalhe/94-6387,-8.78189468383789,41.6802291870117
PT,Dois Portos,https://www.cp.pt/en/pesquisa-estacao-detalhe/94-62380,-9.18465614318848,39.0425682067871
PT,Donas,https://www.cp.pt/en/pesquisa-estacao-detalhe/94-53520,-7.47360706329346,40.1326217651367
PT,Durraes,https://www.cp.pt/en/pesquisa-estacao-detalhe/94-6262,-8.6669979095459,41.6390953063965
PT,Eirol,https://www.cp.pt/en/pesquisa-estacao-detalhe/94-42119,-8.5317268371582,40.6094207763672
PT,Eixo,https://www.cp.pt/en/pesquisa-estacao-detalhe/94-42077,-8.56815052032471,40.6310272216797
PT,Elvas,https://www.cp.pt/en/pesquisa-estacao-detalhe/94-57497,-7.14228677749634,38.8955154418945
PT,Entrecampos,https://www.cp.pt/en/pesquisa-estacao-detalhe/94-66050,-9.14857482910156,38.7446784973145
PT,Entroncamento,https://www.cp.pt/en/pesquisa-estacao-detalhe/94-34009,-8.47388458251953,39.4617080688477
PT,Ermesinde,https://www.cp.pt/en/pesquisa-estacao-detalhe/94-4002,-8.55419254302979,41.2170372009277
PT,Ermida,https://www.cp.pt/en/pesquisa-estacao-detalhe/94-9258,-7.95086622238159,41.1242904663086
PT,Ermidas - Sado,https://www.cp.pt/en/pesquisa-estacao-detalhe/94-93005,-8.4139232635498,38.0027770996094
PT,Escapaes,https://www.cp.pt/en/pesquisa-estacao-detalhe/94-44222,-8.51641368865967,40.9196586608887
PT,Esgueira,https://www.cp.pt/en/pesquisa-estacao-detalhe/94-42028,-8.61827087402344,40.6415252685547
PT,Esmeriz,https://www.cp.pt/en/pesquisa-estacao-detalhe/94-5033,-8.52149963378906,41.379508972168
PT,Esmoriz,https://www.cp.pt/en/pesquisa-estacao-detalhe/94-38406,-8.63552951812744,40.9634132385254
PT,Espadanal da Azambuja,https://www.cp.pt/en/pesquisa-estacao-detalhe/94-31401,-8.90371036529541,39.050220489502
PT,Espadaneira,https://www.cp.pt/en/pesquisa-estacao-detalhe/94-35162,-8.47092819213867,40.2089805603027
PT,Espinho,https://www.cp.pt/en/pesquisa-estacao-detalhe/94-39008,-8.64434623718262,41.0065116882324
PT,Espinho - Vouga,https://www.cp.pt/en/pesquisa-estacao-detalhe/94-44016,-8.64348030090332,41.0021476745605
PT,Esqueiro,https://www.cp.pt/en/pesquisa-estacao-detalhe/94-18291,-8.79281616210938,41.9093818664551
PT,Estarreja,https://www.cp.pt/en/pesquisa-estacao-detalhe/94-38158,-8.57544994354248,40.7511253356934
PT,Estombar - Lagoa,https://www.cp.pt/en/pesquisa-estacao-detalhe/94-90241,-8.48548889160156,37.143424987793
PT,Estoril,https://www.cp.pt/en/pesquisa-estacao-detalhe/94-69245,-9.39872455596924,38.703239440918
PT,Evora,https://www.cp.pt/en/pesquisa-estacao-detalhe/94-83006,-7.90721845626831,38.560474395752
PT,Famalicao,https://www.cp.pt/en/pesquisa-estacao-detalhe/94-5074,-8.52952194213867,41.404956817627
PT,Famalicao da Nazare,https://www.cp.pt/en/pesquisa-estacao-detalhe/94-63180,-9.08571720123291,39.5316047668457
PT,Faria,https://www.cp.pt/en/pesquisa-estacao-detalhe/94-44271,-8.49496364593506,40.8792304992676
PT,Faro,https://www.cp.pt/en/pesquisa-estacao-detalhe/94-73007,-7.94120025634766,37.0202102661133
PT,Fatela - Penamacor,https://www.cp.pt/en/pesquisa-estacao-detalhe/94-53462,-7.4103856086731,40.1492462158203
PT,Feliteira,https://www.cp.pt/en/pesquisa-estacao-detalhe/94-62364,-9.17935180664063,39.0224189758301
PT,Fernando Po,https://www.cp.pt/en/pesquisa-estacao-detalhe/94-71050,-8.69185924530029,38.6364059448242
PT,Ferradosa,https://www.cp.pt/en/pesquisa-estacao-detalhe/94-11114,-7.33156967163086,41.1445236206055
PT,Ferragudo,https://www.cp.pt/en/pesquisa-estacao-detalhe/94-90274,-8.51904773712158,37.1387710571289
PT,Ferrao,https://www.cp.pt/en/pesquisa-estacao-detalhe/94-10165,-7.61125802993774,41.1618957519531
PT,Ferreiros,https://www.cp.pt/en/pesquisa-estacao-detalhe/94-29132,-8.44149875640869,41.5308036804199
PT,Figueira da Foz,https://www.cp.pt/en/pesquisa-estacao-detalhe/94-64113,-8.84837341308594,40.1485481262207
PT,Fontela,https://www.cp.pt/en/pesquisa-estacao-detalhe/94-64089,-8.81377983093262,40.1418838500977
PT,Fontela-A,https://www.cp.pt/en/pesquisa-estacao-detalhe/94-64097,-8.82484817504883,40.146369934082
PT,Formoselha - Santo Varao,https://www.cp.pt/en/pesquisa-estacao-detalhe/94-35030,-8.60709476470947,40.1794967651367
PT,Fornos de Algodres,https://www.cp.pt/en/pesquisa-estacao-detalhe/94-48249,-7.52695083618164,40.6102752685547
PT,Francelos,https://www.cp.pt/en/pesquisa-estacao-detalhe/94-39081,-8.6474781036377,41.0815620422363
PT,Fratel,https://www.cp.pt/en/pesquisa-estacao-detalhe/94-52571,-7.71573638916016,39.614013671875
PT,Freineda,https://www.cp.pt/en/pesquisa-estacao-detalhe/94-49387,-6.90444946289063,40.5932579040527
PT,Freixo de Numao - Mos do Douro,https://www.cp.pt/en/pesquisa-estacao-detalhe/94-11247,-7.21140098571777,41.1346473693848
PT,Funcheira,https://www.cp.pt/en/pesquisa-estacao-detalhe/94-77008,-8.3380184173584,37.7271842956543
PT,Fundao,https://www.cp.pt/en/pesquisa-estacao-detalhe/94-53546,-7.49641895294189,40.1413917541504
PT,Fungalvaz,https://www.cp.pt/en/pesquisa-estacao-detalhe/94-34199,-8.49501037597656,39.6164627075195
PT,Fuseta,https://www.cp.pt/en/pesquisa-estacao-detalhe/94-73205,-7.75198936462402,37.0603713989258
PT,Fuseta-A,https://www.cp.pt/en/pesquisa-estacao-detalhe/94-73197,-7.74973917007446,37.0535354614258
PT,Gata,https://www.cp.pt/en/pesquisa-estacao-detalhe/94-49049,-7.21448373794556,40.5217895507813
PT,General Torres,https://www.cp.pt/en/pesquisa-estacao-detalhe/94-39172,-8.60843467712402,41.1332321166992
PT,Giesteira,https://www.cp.pt/en/pesquisa-estacao-detalhe/94-28159,-8.38888835906982,41.3645401000977
PT,Godim,https://www.cp.pt/en/pesquisa-estacao-detalhe/94-9423,-7.7975640296936,41.1663932800293
PT,Gondarem,https://www.cp.pt/en/pesquisa-estacao-detalhe/94-18325,-8.76301765441895,41.9200439453125
PT,Gouveia,https://www.cp.pt/en/pesquisa-estacao-detalhe/94-48165,-7.6020884513855,40.5733604431152
PT,Grandola,https://www.cp.pt/en/pesquisa-estacao-detalhe/94-92577,-8.55459308624268,38.1816444396973
PT,Granja,https://www.cp.pt/en/pesquisa-estacao-detalhe/94-39040,-8.64710426330566,41.0384712219238
PT,Granja do Ulmeiro - Alfarelos,https://www.cp.pt/en/pesquisa-estacao-detalhe/94-35006,-8.63475227355957,40.1647338867188
PT,Guarda,https://www.cp.pt/en/pesquisa-estacao-detalhe/94-49007,-7.23987340927124,40.5524253845215
PT,Guia,https://www.cp.pt/en/pesquisa-estacao-detalhe/94-63800,-8.80175304412842,39.9481620788574
PT,Guimaraes,https://www.cp.pt/en/pesquisa-estacao-detalhe/94-24000,-8.29378604888916,41.4351081848145
PT,Hospital Sao Joao,https://www.cp.pt/en/pesquisa-estacao-detalhe/94-21030,-8.59788036346436,41.1851387023926
PT,Irivo,https://www.cp.pt/en/pesquisa-estacao-detalhe/94-8243,-8.34202003479004,41.1816177368164
PT,Jerumelo,https://www.cp.pt/en/pesquisa-estacao-detalhe/94-62257,-9.23425960540771,38.9496421813965
PT,Juncal,https://www.cp.pt/en/pesquisa-estacao-detalhe/94-9050,-8.11941432952881,41.1406669616699
PT,Lagos,https://www.cp.pt/en/pesquisa-estacao-detalhe/94-90464,-8.67159366607666,37.108528137207
PT,Lamarosa,https://www.cp.pt/en/pesquisa-estacao-detalhe/94-34090,-8.46903038024902,39.5288581848145
PT,Lapa,https://www.cp.pt/en/pesquisa-estacao-detalhe/94-44057,-8.6052303314209,40.983715057373
PT,Lapa do Lobo,https://www.cp.pt/en/pesquisa-estacao-detalhe/94-46581,-7.91970157623291,40.4755783081055
PT,Lardosa,https://www.cp.pt/en/pesquisa-estacao-detalhe/94-53215,-7.44091606140137,39.9886589050293
PT,Lares,https://www.cp.pt/en/pesquisa-estacao-detalhe/94-64055,-8.78744220733643,40.1294708251953
PT,Lavradio,https://www.cp.pt/en/pesquisa-estacao-detalhe/94-95042,-9.05828285217285,38.6618232727051
PT,Leandro,https://www.cp.pt/en/pesquisa-estacao-detalhe/94-4036,-8.55668067932129,41.243766784668
PT,Leca do Balio,https://www.cp.pt/en/pesquisa-estacao-detalhe/94-21071,-8.62955093383789,41.208423614502
PT,Leiria,https://www.cp.pt/en/pesquisa-estacao-detalhe/94-63560,-8.82785034179688,39.7566223144531
PT,Lisboa Oriente,https://www.cp.pt/en/pesquisa-estacao-detalhe/94-31039,-9.09909439086914,38.7677574157715
PT,Lisboa Rossio,https://www.cp.pt/en/pesquisa-estacao-detalhe/94-59006,-9.14146041870117,38.7142333984375
PT,Lisboa Santa Apolonia,https://www.cp.pt/en/pesquisa-estacao-detalhe/94-30007,-9.12074756622314,38.7158393859863
PT,Litem,https://www.cp.pt/en/pesquisa-estacao-detalhe/94-34504,-8.59310340881348,39.8379325866699
PT,Livracao,https://www.cp.pt/en/pesquisa-estacao-detalhe/94-8474,-8.15565967559814,41.2168655395508
PT,Livramento,https://www.cp.pt/en/pesquisa-estacao-detalhe/94-73239,-7.73128175735474,37.0737228393555
PT,Lordelo,https://www.cp.pt/en/pesquisa-estacao-detalhe/94-28191,-8.36373329162598,41.3654670715332
PT,Loule,https://www.cp.pt/en/pesquisa-estacao-detalhe/94-78238,-8.058349609375,37.1043663024902
PT,Lourical,https://www.cp.pt/en/pesquisa-estacao-detalhe/94-63875,-8.81540870666504,40.0162544250488
PT,Louro,https://www.cp.pt/en/pesquisa-estacao-detalhe/94-5116,-8.53817653656006,41.4369659423828
PT,Lousado,https://www.cp.pt/en/pesquisa-estacao-detalhe/94-5009,-8.52619361877441,41.3512496948242
PT,Luso - Bucaco,https://www.cp.pt/en/pesquisa-estacao-detalhe/94-46094,-8.38497829437256,40.390266418457
PT,Luz,https://www.cp.pt/en/pesquisa-estacao-detalhe/94-73262,-7.69999170303345,37.0888557434082
PT,Macainhas,https://www.cp.pt/en/pesquisa-estacao-detalhe/94-54262,-7.28730154037476,40.3887557983398
PT,Macinhata,https://www.cp.pt/en/pesquisa-estacao-detalhe/94-42325,-8.45826244354248,40.6533508300781
PT,Madalena,https://www.cp.pt/en/pesquisa-estacao-detalhe/94-39123,-8.63776779174805,41.1114768981934
PT,Mafra,https://www.cp.pt/en/pesquisa-estacao-detalhe/94-62166,-9.29137897491455,38.8974571228027
PT,Malveira,https://www.cp.pt/en/pesquisa-estacao-detalhe/94-62224,-9.25736808776855,38.9287719726563
PT,Mangualde,https://www.cp.pt/en/pesquisa-estacao-detalhe/94-48009,-7.76022863388062,40.5866508483887
PT,Marco de Canaveses,https://www.cp.pt/en/pesquisa-estacao-detalhe/94-9001,-8.13687515258789,41.1809616088867
PT,Marinha Grande,https://www.cp.pt/en/pesquisa-estacao-detalhe/94-63461,-8.92619228363037,39.7368049621582
PT,Martinganca - Maceira,https://www.cp.pt/en/pesquisa-estacao-detalhe/94-63404,-8.94581413269043,39.6872482299805
PT,Marujal,https://www.cp.pt/en/pesquisa-estacao-detalhe/94-65052,-8.67627239227295,40.1403541564941
PT,Marvila,https://www.cp.pt/en/pesquisa-estacao-detalhe/94-66019,-9.10839462280273,38.7392425537109
PT,Massama - Barcarena,https://www.cp.pt/en/pesquisa-estacao-detalhe/94-60137,-9.28358840942383,38.7515068054199
PT,Mato de Miranda,https://www.cp.pt/en/pesquisa-estacao-detalhe/94-32383,-8.55435180664063,39.368480682373
PT,Mazagao,https://www.cp.pt/en/pesquisa-estacao-detalhe/94-29116,-8.45834636688232,41.526912689209
PT,Mealhada,https://www.cp.pt/en/pesquisa-estacao-detalhe/94-37051,-8.45383834838867,40.3750839233398
PT,Meia Praia,https://www.cp.pt/en/pesquisa-estacao-detalhe/94-90431,-8.64745426177979,37.1186103820801
PT,Meinedo,https://www.cp.pt/en/pesquisa-estacao-detalhe/94-8359,-8.25872135162354,41.2487678527832
PT,Merces,https://www.cp.pt/en/pesquisa-estacao-detalhe/94-61051,-9.33081817626953,38.7932929992676
PT,Messines - Alte,https://www.cp.pt/en/pesquisa-estacao-detalhe/94-77735,-8.2905387878418,37.2553596496582
PT,Mexilhoeira Grande,https://www.cp.pt/en/pesquisa-estacao-detalhe/94-90381,-8.60964488983154,37.1541557312012
PT,Midoes,https://www.cp.pt/en/pesquisa-estacao-detalhe/94-6080,-8.58183479309082,41.5082588195801
PT,Mira Sintra - Melecas,https://www.cp.pt/en/pesquisa-estacao-detalhe/94-62042,-9.3127384185791,38.789852142334
PT,Miramar,https://www.cp.pt/en/pesquisa-estacao-detalhe/94-39073,-8.64944934844971,41.0678215026855
PT,Mirao,https://www.cp.pt/en/pesquisa-estacao-detalhe/94-9225,-7.97279739379883,41.1175193786621
PT,Miuzela,https://www.cp.pt/en/pesquisa-estacao-detalhe/94-49239,-7.013267993927,40.5193367004395
PT,Mogofores,https://www.cp.pt/en/pesquisa-estacao-detalhe/94-37143,-8.45940399169922,40.4504852294922
PT,Moimenta - Alcafache,https://www.cp.pt/en/pesquisa-estacao-detalhe/94-46763,-7.80955696105957,40.5745429992676
PT,Moita,https://www.cp.pt/en/pesquisa-estacao-detalhe/94-95109,-8.996018409729,38.6447639465332
PT,Moledo do Minho,https://www.cp.pt/en/pesquisa-estacao-detalhe/94-18200,-8.86429691314697,41.8479499816895
PT,Monte Abraao,https://www.cp.pt/en/pesquisa-estacao-detalhe/94-60111,-9.26535129547119,38.7554244995117
PT,Monte de Lobos,https://www.cp.pt/en/pesquisa-estacao-detalhe/94-46219,-8.26454067230225,40.4082069396973
PT,Monte de Paramos,https://www.cp.pt/en/pesquisa-estacao-detalhe/94-44040,-8.62575817108154,40.9823303222656
PT,Monte Estoril,https://www.cp.pt/en/pesquisa-estacao-detalhe/94-69252,-9.40651226043701,38.7035713195801
PT,Monte Gordo,https://www.cp.pt/en/pesquisa-estacao-detalhe/94-73544,-7.44836139678955,37.1900672912598
PT,Monte Real,https://www.cp.pt/en/pesquisa-estacao-detalhe/94-63685,-8.84768390655518,39.8559951782227
PT,Monte Redondo,https://www.cp.pt/en/pesquisa-estacao-detalhe/94-63735,-8.8343677520752,39.900333404541
PT,Montemor,https://www.cp.pt/en/pesquisa-estacao-detalhe/94-65029,-8.65406036376953,40.1601524353027
PT,Mortagua,https://www.cp.pt/en/pesquisa-estacao-detalhe/94-46243,-8.24117279052734,40.3908538818359
PT,Moscavide,https://www.cp.pt/en/pesquisa-estacao-detalhe/94-31047,-9.09967231750488,38.7782249450684
PT,Mosteiro,https://www.cp.pt/en/pesquisa-estacao-detalhe/94-9134,-8.06934070587158,41.0945892333984
PT,Mouquim,https://www.cp.pt/en/pesquisa-estacao-detalhe/94-5108,-8.52201271057129,41.4289436340332
PT,Mourisca do Vouga,https://www.cp.pt/en/pesquisa-estacao-detalhe/94-42259,-8.46002578735352,40.6053733825684
PT,Mouriscas - A,https://www.cp.pt/en/pesquisa-estacao-detalhe/94-52167,-8.08501625061035,39.4678268432617
PT,Nelas,https://www.cp.pt/en/pesquisa-estacao-detalhe/94-46672,-7.84995985031128,40.5301856994629
PT,Nespereira,https://www.cp.pt/en/pesquisa-estacao-detalhe/94-28266,-8.319580078125,41.4031982421875
PT,Nine,https://www.cp.pt/en/pesquisa-estacao-detalhe/94-6007,-8.54506874084473,41.4554595947266
PT,Obidos,https://www.cp.pt/en/pesquisa-estacao-detalhe/94-62836,-9.15907096862793,39.3648948669434
PT,Oeiras,https://www.cp.pt/en/pesquisa-estacao-detalhe/94-69179,-9.31904697418213,38.6885185241699
PT,Oia,https://www.cp.pt/en/pesquisa-estacao-detalhe/94-37275,-8.54992485046387,40.5435562133789
PT,Oleiros,https://www.cp.pt/en/pesquisa-estacao-detalhe/94-8250,-8.33743953704834,41.1936874389648
PT,Olhao,https://www.cp.pt/en/pesquisa-estacao-detalhe/94-73106,-7.83979749679565,37.0303382873535
PT,Oliveira,https://www.cp.pt/en/pesquisa-estacao-detalhe/94-8409,-8.19927883148193,41.2572250366211
PT,Oliveira de Azemeis,https://www.cp.pt/en/pesquisa-estacao-detalhe/94-44339,-8.48180866241455,40.8403434753418
PT,Oliveira do Bairro,https://www.cp.pt/en/pesquisa-estacao-detalhe/94-37218,-8.49877262115479,40.5102157592773
PT,Oliveirinha - Cabanas,https://www.cp.pt/en/pesquisa-estacao-detalhe/94-46524,-7.96331930160522,40.450366973877
PT,Oronhe,https://www.cp.pt/en/pesquisa-estacao-detalhe/94-42176,-8.47676277160645,40.5721435546875
PT,Outeiro,https://www.cp.pt/en/pesquisa-estacao-detalhe/94-62612,-9.17717361450195,39.1912727355957
PT,Ovar,https://www.cp.pt/en/pesquisa-estacao-detalhe/94-38299,-8.61666297912598,40.8640022277832
PT,Paco de Arcos,https://www.cp.pt/en/pesquisa-estacao-detalhe/94-69146,-9.29053592681885,38.6971092224121
PT,Pacos de Brandao,https://www.cp.pt/en/pesquisa-estacao-detalhe/94-44107,-8.58444976806641,40.9721183776855
PT,Paialvo,https://www.cp.pt/en/pesquisa-estacao-detalhe/94-34157,-8.4740514755249,39.5799102783203
PT,Pala,https://www.cp.pt/en/pesquisa-estacao-detalhe/94-9100,-8.09098625183105,41.1036148071289
PT,Palmela,https://www.cp.pt/en/pesquisa-estacao-detalhe/94-68080,-8.87282180786133,38.5718803405762
PT,Pampilhosa,https://www.cp.pt/en/pesquisa-estacao-detalhe/94-37002,-8.43134117126465,40.3380851745605
PT,Papízios,https://www.cp.pt/en/pesquisa-estacao-detalhe/94-46441,-8.04970169067383,40.4205055236816
PT,Parada,https://www.cp.pt/en/pesquisa-estacao-detalhe/94-8201,-8.37126064300537,41.1602325439453
PT,Paraimo - Sangalhos,https://www.cp.pt/en/pesquisa-estacao-detalhe/94-37184,-8.48008918762207,40.481143951416
PT,Paramos,https://www.cp.pt/en/pesquisa-estacao-detalhe/94-38414,-8.63685131072998,40.9755058288574
PT,Parede,https://www.cp.pt/en/pesquisa-estacao-detalhe/94-69203,-9.35638904571533,38.6897354125977
PT,Paredes,https://www.cp.pt/en/pesquisa-estacao-detalhe/94-8276,-8.32409286499023,41.2038726806641
PT,Parque das Cidades,https://www.cp.pt/en/pesquisa-estacao-detalhe/94-78295,-7.98485803604126,37.0802001953125
PT,Pataias,https://www.cp.pt/en/pesquisa-estacao-detalhe/94-63354,-8.98489284515381,39.6555137634277
PT,Pedra Furada,https://www.cp.pt/en/pesquisa-estacao-detalhe/94-62133,-9.29551887512207,38.8701057434082
PT,Pegoes,https://www.cp.pt/en/pesquisa-estacao-detalhe/94-71126,-8.61906147003174,38.6622886657715
PT,Pelariga,https://www.cp.pt/en/pesquisa-estacao-detalhe/94-34702,-8.63318729400635,39.9675559997559
PT,Penafiel,https://www.cp.pt/en/pesquisa-estacao-detalhe/94-8318,-8.29493236541748,41.2177581787109
PT,Penteado,https://www.cp.pt/en/pesquisa-estacao-detalhe/94-95125,-8.9561710357666,38.6381416320801
PT,Pereira,https://www.cp.pt/en/pesquisa-estacao-detalhe/94-35055,-8.58493900299072,40.1863670349121
PT,Pereirinhas,https://www.cp.pt/en/pesquisa-estacao-detalhe/94-28217,-8.32412528991699,41.3774108886719
PT,Pero Negro,https://www.cp.pt/en/pesquisa-estacao-detalhe/94-62315,-9.19738674163818,38.9888381958008
PT,Pinhal Novo,https://www.cp.pt/en/pesquisa-estacao-detalhe/94-68007,-8.91207408905029,38.6301803588867
PT,Pinhao,https://www.cp.pt/en/pesquisa-estacao-detalhe/94-10249,-7.54517412185669,41.1903839111328
PT,Poceirao,https://www.cp.pt/en/pesquisa-estacao-detalhe/94-71001,-8.74337482452393,38.6344146728516
PT,Pocinho,https://www.cp.pt/en/pesquisa-estacao-detalhe/94-12005,-7.12348508834839,41.1302757263184
PT,Poco Barreto,https://www.cp.pt/en/pesquisa-estacao-detalhe/94-90134,-8.38878345489502,37.1636123657227
PT,Pombal,https://www.cp.pt/en/pesquisa-estacao-detalhe/94-34645,-8.63055992126465,39.9177398681641
PT,Ponte de Sor,https://www.cp.pt/en/pesquisa-estacao-detalhe/94-55293,-8.01299381256104,39.2654876708984
PT,Porta Nova,https://www.cp.pt/en/pesquisa-estacao-detalhe/94-73338,-7.64806222915649,37.1331443786621
PT,Portalegre,https://www.cp.pt/en/pesquisa-estacao-detalhe/94-57000,-7.46112871170044,39.1988945007324
PT,Portela,https://www.cp.pt/en/pesquisa-estacao-detalhe/94-4101,-8.54909038543701,41.3015022277832
PT,Portela de Sintra,https://www.cp.pt/en/pesquisa-estacao-detalhe/94-61093,-9.37672424316406,38.8022384643555
PT,Portimao,https://www.cp.pt/en/pesquisa-estacao-detalhe/94-90290,-8.53744220733643,37.1446571350098
PT,Porto Campanha,https://www.cp.pt/en/pesquisa-estacao-detalhe/94-2006,-8.58483505249023,41.1487197875977
PT,Porto Rei,https://www.cp.pt/en/pesquisa-estacao-detalhe/94-9282,-7.91071367263794,41.1218795776367
PT,Porto Sao Bento,https://www.cp.pt/en/pesquisa-estacao-detalhe/94-1008,-8.61022090911865,41.145565032959
PT,Povoa,https://www.cp.pt/en/pesquisa-estacao-detalhe/94-31146,-9.06378746032715,38.859561920166
PT,Praca do Quebedo,https://www.cp.pt/en/pesquisa-estacao-detalhe/94-68130,-8.88647365570068,38.5249328613281
PT,Pragal,https://www.cp.pt/en/pesquisa-estacao-detalhe/94-17087,-9.17957305908203,38.6661682128906
PT,Praia do Ribatejo,https://www.cp.pt/en/pesquisa-estacao-detalhe/94-51128,-8.34763526916504,39.4671821594238
PT,Praias do Sado-A,https://www.cp.pt/en/pesquisa-estacao-detalhe/94-91058,-8.83812046051025,38.5179557800293
PT,Queluz - Belas,https://www.cp.pt/en/pesquisa-estacao-detalhe/94-60103,-9.25702667236328,38.7588157653809
PT,Quintans,https://www.cp.pt/en/pesquisa-estacao-detalhe/94-37358,-8.6126537322998,40.5909729003906
PT,Ramalhal,https://www.cp.pt/en/pesquisa-estacao-detalhe/94-62547,-9.21599769592285,39.139533996582
PT,Reboleira,https://www.cp.pt/en/pesquisa-estacao-detalhe/94-60095,-9.22259998321533,38.7508544921875
PT,Recarei - Sobreira,https://www.cp.pt/en/pesquisa-estacao-detalhe/94-8177,-8.39909172058105,41.1537818908691
PT,Recesinhos,https://www.cp.pt/en/pesquisa-estacao-detalhe/94-8441,-8.17480087280273,41.230583190918
PT,Rede,https://www.cp.pt/en/pesquisa-estacao-detalhe/94-9357,-7.86583089828491,41.1607437133789
PT,Regua,https://www.cp.pt/en/pesquisa-estacao-detalhe/94-10009,-7.78355360031128,41.1586456298828
PT,Reguengo - Vale da Pedra - Pontevel,https://www.cp.pt/en/pesquisa-estacao-detalhe/94-33084,-8.79384613037109,39.0992546081543
PT,Retaxo,https://www.cp.pt/en/pesquisa-estacao-detalhe/94-52845,-7.59124612808228,39.7696647644043
PT,Reveles,https://www.cp.pt/en/pesquisa-estacao-detalhe/94-65128,-8.7454080581665,40.1307678222656
PT,Riachos - Torres Novas - Golega,https://www.cp.pt/en/pesquisa-estacao-detalhe/94-32466,-8.50456714630127,39.4321937561035
PT,Rio de Mouro,https://www.cp.pt/en/pesquisa-estacao-detalhe/94-61044,-9.32161903381348,38.7844886779785
PT,Rio Meao,https://www.cp.pt/en/pesquisa-estacao-detalhe/94-44115,-8.57120132446289,40.9609718322754
PT,Rio Tinto,https://www.cp.pt/en/pesquisa-estacao-detalhe/94-3038,-8.55709552764893,41.1845932006836
PT,Rochoso,https://www.cp.pt/en/pesquisa-estacao-detalhe/94-49163,-7.09057474136353,40.5070571899414
PT,Roma - Areeiro,https://www.cp.pt/en/pesquisa-estacao-detalhe/94-66035,-9.13483047485352,38.7457237243652
PT,Runa,https://www.cp.pt/en/pesquisa-estacao-detalhe/94-62422,-9.20983791351318,39.0729713439941
PT,Ruílhe,https://www.cp.pt/en/pesquisa-estacao-detalhe/94-29074,-8.49629974365234,41.4976234436035
PT,Sabugal,https://www.cp.pt/en/pesquisa-estacao-detalhe/94-54429,-7.23892736434937,40.5115547180176
PT,Sabugo,https://www.cp.pt/en/pesquisa-estacao-detalhe/94-62091,-9.30002784729004,38.8305473327637
PT,Sacavem,https://www.cp.pt/en/pesquisa-estacao-detalhe/94-31062,-9.09974956512451,38.7951812744141
PT,Salir do Porto,https://www.cp.pt/en/pesquisa-estacao-detalhe/94-63107,-9.14722061157227,39.4923858642578
PT,Salreu,https://www.cp.pt/en/pesquisa-estacao-detalhe/94-38125,-8.56495475769043,40.7291717529297
PT,Sampaio - Oleiros,https://www.cp.pt/en/pesquisa-estacao-detalhe/94-44073,-8.59333419799805,40.9840049743652
PT,Sanfins,https://www.cp.pt/en/pesquisa-estacao-detalhe/94-44198,-8.53095626831055,40.9266815185547
PT,Santa Cita,https://www.cp.pt/en/pesquisa-estacao-detalhe/94-40105,-8.39311504364014,39.5528793334961
PT,Santa Clara - Saboia,https://www.cp.pt/en/pesquisa-estacao-detalhe/94-77388,-8.48140716552734,37.4958305358887
PT,Santa Comba Dao,https://www.cp.pt/en/pesquisa-estacao-detalhe/94-46367,-8.12441539764404,40.3905067443848
PT,Santa Cruz - Damaia,https://www.cp.pt/en/pesquisa-estacao-detalhe/94-60038,-9.21316814422607,38.7469291687012
PT,Santa Eulalia-A,https://www.cp.pt/en/pesquisa-estacao-detalhe/94-57315,-7.25340795516968,39.0060424804688
PT,Santa Iria,https://www.cp.pt/en/pesquisa-estacao-detalhe/94-31112,-9.0803337097168,38.8409233093262
PT,Santa Margarida,https://www.cp.pt/en/pesquisa-estacao-detalhe/94-51185,-8.29651832580566,39.4476585388184
PT,Santana - Cartaxo,https://www.cp.pt/en/pesquisa-estacao-detalhe/94-32045,-8.75894165039063,39.1445198059082
PT,Santarem,https://www.cp.pt/en/pesquisa-estacao-detalhe/94-32185,-8.67523670196533,39.2420997619629
PT,Santiago de Riba - Ul,https://www.cp.pt/en/pesquisa-estacao-detalhe/94-44313,-8.48960781097412,40.8513031005859
PT,Santo Amaro,https://www.cp.pt/en/pesquisa-estacao-detalhe/94-69161,-9.31202507019043,38.6869049072266
PT,Santo Tirso,https://www.cp.pt/en/pesquisa-estacao-detalhe/94-28068,-8.47316741943359,41.3508148193359
PT,Santos,https://www.cp.pt/en/pesquisa-estacao-detalhe/94-69013,-9.15531253814697,38.7061538696289
PT,Sao Frutuoso,https://www.cp.pt/en/pesquisa-estacao-detalhe/94-4051,-8.55814266204834,41.258358001709
PT,Sao Gemil,https://www.cp.pt/en/pesquisa-estacao-detalhe/94-21006,-8.57909488677979,41.1971969604492
PT,Sao Joao da Madeira,https://www.cp.pt/en/pesquisa-estacao-detalhe/94-44255,-8.49525356292725,40.8985862731934
PT,Sao Joao das Craveiras,https://www.cp.pt/en/pesquisa-estacao-detalhe/94-71159,-8.58570098876953,38.668025970459
PT,Sao Joao de Ver,https://www.cp.pt/en/pesquisa-estacao-detalhe/94-44156,-8.55103302001953,40.955394744873
PT,Sao Joao do Estoril,https://www.cp.pt/en/pesquisa-estacao-detalhe/94-69237,-9.38612270355225,38.7012939453125
PT,Sao Joao Loure,https://www.cp.pt/en/pesquisa-estacao-detalhe/94-42093,-8.54816913604736,40.6222915649414
PT,Sao Mamede de Infesta,https://www.cp.pt/en/pesquisa-estacao-detalhe/94-21048,-8.61335754394531,41.1903114318848
PT,Sao Martinho do Campo,https://www.cp.pt/en/pesquisa-estacao-detalhe/94-8102,-8.46833610534668,41.1702346801758
PT,Sao Martinho do Porto,https://www.cp.pt/en/pesquisa-estacao-detalhe/94-63131,-9.13319683074951,39.5081672668457
PT,Sao Pedro da Torre,https://www.cp.pt/en/pesquisa-estacao-detalhe/94-18440,-8.66637134552002,41.9936332702637
PT,Sao Pedro do Estoril,https://www.cp.pt/en/pesquisa-estacao-detalhe/94-69229,-9.37188243865967,38.6954116821289
PT,Sao Romao,https://www.cp.pt/en/pesquisa-estacao-detalhe/94-4077,-8.55309391021729,41.2782554626465
PT,Sapataria,https://www.cp.pt/en/pesquisa-estacao-detalhe/94-62299,-9.19935131072998,38.9687995910645
PT,Sarnadas,https://www.cp.pt/en/pesquisa-estacao-detalhe/94-52803,-7.62375211715698,39.7563819885254
PT,Seica - Ourem,https://www.cp.pt/en/pesquisa-estacao-detalhe/94-34264,-8.50796794891357,39.6783676147461
PT,Seixas,https://www.cp.pt/en/pesquisa-estacao-detalhe/94-18275,-8.81934547424316,41.8963203430176
PT,Senhora da Agonia,https://www.cp.pt/en/pesquisa-estacao-detalhe/94-18234,-8.84336280822754,41.8696517944336
PT,Senhora das Neves,https://www.cp.pt/en/pesquisa-estacao-detalhe/94-6312,-8.72096824645996,41.6467056274414
PT,Sernada do Vouga,https://www.cp.pt/en/pesquisa-estacao-detalhe/94-43000,-8.45264339447021,40.672191619873
PT,Sete Rios,https://www.cp.pt/en/pesquisa-estacao-detalhe/94-66076,-9.16695022583008,38.7400512695313
PT,Setil,https://www.cp.pt/en/pesquisa-estacao-detalhe/94-32003,-8.77796268463135,39.1135902404785
PT,Setubal,https://www.cp.pt/en/pesquisa-estacao-detalhe/94-68122,-8.88497161865234,38.5305442810059
PT,Silva,https://www.cp.pt/en/pesquisa-estacao-detalhe/94-6155,-8.62766933441162,41.5659294128418
PT,Silvalde,https://www.cp.pt/en/pesquisa-estacao-detalhe/94-38422,-8.64075565338135,40.9904327392578
PT,Silvalde - Vouga,https://www.cp.pt/en/pesquisa-estacao-detalhe/94-44032,-8.63031387329102,40.988842010498
PT,Silves,https://www.cp.pt/en/pesquisa-estacao-detalhe/94-90183,-8.4404878616333,37.1756477355957
PT,Simoes,https://www.cp.pt/en/pesquisa-estacao-detalhe/94-34744,-8.63353157043457,40.0107803344727
PT,Sintra,https://www.cp.pt/en/pesquisa-estacao-detalhe/94-61101,-9.38545036315918,38.7992935180664
PT,Soalheira,https://www.cp.pt/en/pesquisa-estacao-detalhe/94-53264,-7.45532751083374,40.0268859863281
PT,Soito,https://www.cp.pt/en/pesquisa-estacao-detalhe/94-46185,-8.30191802978516,40.4149398803711
PT,Soudos - Vila Nova,https://www.cp.pt/en/pesquisa-estacao-detalhe/94-40014,-8.47201156616211,39.5422401428223
PT,Soure,https://www.cp.pt/en/pesquisa-estacao-detalhe/94-34801,-8.63947868347168,40.054988861084
PT,Souselas,https://www.cp.pt/en/pesquisa-estacao-detalhe/94-36087,-8.4257287979126,40.2860527038574
PT,Suzao,https://www.cp.pt/en/pesquisa-estacao-detalhe/94-8060,-8.50271511077881,41.1973037719727
PT,Tadim,https://www.cp.pt/en/pesquisa-estacao-detalhe/94-29090,-8.48331069946289,41.5089225769043
PT,Taipa - Requeixo,https://www.cp.pt/en/pesquisa-estacao-detalhe/94-42127,-8.52379322052002,40.6011505126953
PT,Tamel,https://www.cp.pt/en/pesquisa-estacao-detalhe/94-6213,-8.63475227355957,41.6088066101074
PT,Tancos,https://www.cp.pt/en/pesquisa-estacao-detalhe/94-51086,-8.39534187316895,39.4612426757813
PT,Taveiro,https://www.cp.pt/en/pesquisa-estacao-detalhe/94-35139,-8.50028896331787,40.2059059143066
PT,Tavira,https://www.cp.pt/en/pesquisa-estacao-detalhe/94-73320,-7.65574073791504,37.1209754943848
PT,Terronhas,https://www.cp.pt/en/pesquisa-estacao-detalhe/94-8136,-8.43725109100342,41.1637191772461
PT,Tojeirinha,https://www.cp.pt/en/pesquisa-estacao-detalhe/94-52738,-7.68178462982178,39.7167625427246
PT,Tomar,https://www.cp.pt/en/pesquisa-estacao-detalhe/94-40154,-8.41291046142578,39.5987243652344
PT,Torre das Vargens,https://www.cp.pt/en/pesquisa-estacao-detalhe/94-56002,-7.9084620475769,39.3096466064453
PT,Torres Vedras,https://www.cp.pt/en/pesquisa-estacao-detalhe/94-62471,-9.25439453125,39.0927276611328
PT,Tortosendo,https://www.cp.pt/en/pesquisa-estacao-detalhe/94-53678,-7.51233863830566,40.2390632629395
PT,Tramagal,https://www.cp.pt/en/pesquisa-estacao-detalhe/94-51243,-8.24802875518799,39.4604225158691
PT,Trancoso,https://www.cp.pt/en/pesquisa-estacao-detalhe/94-8151,-8.41893291473389,41.1612586975098
PT,Travagem,https://www.cp.pt/en/pesquisa-estacao-detalhe/94-4010,-8.55172061920166,41.2283325195313
PT,Travasso,https://www.cp.pt/en/pesquisa-estacao-detalhe/94-42135,-8.51454448699951,40.5942497253418
PT,Trofa,https://www.cp.pt/en/pesquisa-estacao-detalhe/94-4630,-8.54757308959961,41.3374366760254
PT,Tua,https://www.cp.pt/en/pesquisa-estacao-detalhe/94-11007,-7.4201283454895,41.2073745727539
PT,Tunes,https://www.cp.pt/en/pesquisa-estacao-detalhe/94-78006,-8.25640678405762,37.1649703979492
PT,Vacarica,https://www.cp.pt/en/pesquisa-estacao-detalhe/94-46045,-8.41219139099121,40.3567123413086
PT,Valadares,https://www.cp.pt/en/pesquisa-estacao-detalhe/94-39115,-8.63199996948242,41.0992279052734
PT,Valado - Nazare - Alcobaca,https://www.cp.pt/en/pesquisa-estacao-detalhe/94-63263,-9.01767253875732,39.5845108032227
PT,Vale de Figueira,https://www.cp.pt/en/pesquisa-estacao-detalhe/94-32284,-8.62995529174805,39.3138084411621
PT,Vale de Prazeres,https://www.cp.pt/en/pesquisa-estacao-detalhe/94-53397,-7.42414855957031,40.1147422790527
PT,Vale de Santarem,https://www.cp.pt/en/pesquisa-estacao-detalhe/94-32102,-8.72384643554688,39.1884231567383
PT,Valega,https://www.cp.pt/en/pesquisa-estacao-detalhe/94-38240,-8.60111808776855,40.8336067199707
PT,Valenca,https://www.cp.pt/en/pesquisa-estacao-detalhe/94-7005,-8.63941860198975,42.0246772766113
PT,Valongo,https://www.cp.pt/en/pesquisa-estacao-detalhe/94-8086,-8.48736953735352,41.1882591247559
PT,Valongo - Vouga,https://www.cp.pt/en/pesquisa-estacao-detalhe/94-42291,-8.44993591308594,40.6241607666016
PT,Vargelas,https://www.cp.pt/en/pesquisa-estacao-detalhe/94-11148,-7.31603860855103,41.1431083679199
PT,Venda do Alcaide,https://www.cp.pt/en/pesquisa-estacao-detalhe/94-68049,-8.88823986053467,38.6057281494141
PT,Vendas Novas,https://www.cp.pt/en/pesquisa-estacao-detalhe/94-72009,-8.45440101623535,38.6794166564941
PT,Vermoil,https://www.cp.pt/en/pesquisa-estacao-detalhe/94-34553,-8.65228080749512,39.8508796691895
PT,Verride,https://www.cp.pt/en/pesquisa-estacao-detalhe/94-65086,-8.70311450958252,40.1395874023438
PT,Vesuvio,https://www.cp.pt/en/pesquisa-estacao-detalhe/94-11197,-7.26170969009399,41.1413383483887
PT,Viana do Castelo,https://www.cp.pt/en/pesquisa-estacao-detalhe/94-18002,-8.83141708374023,41.6951751708984
PT,Vigo-Guixar,https://www.cp.pt/en/pesquisa-estacao-detalhe/71-22308,-8.7118034362793,42.2394905090332
PT,Vila da Feira,https://www.cp.pt/en/pesquisa-estacao-detalhe/94-44206,-8.53543376922607,40.92431640625
PT,Vila das Aves,https://www.cp.pt/en/pesquisa-estacao-detalhe/94-28134,-8.40617561340332,41.3575057983398
PT,Vila Fernando,https://www.cp.pt/en/pesquisa-estacao-detalhe/94-49114,-7.14797973632813,40.4977874755859
PT,Vila Franca das Naves,https://www.cp.pt/en/pesquisa-estacao-detalhe/94-48546,-7.25817394256592,40.7247734069824
PT,Vila Franca de Xira,https://www.cp.pt/en/pesquisa-estacao-detalhe/94-31278,-8.98630809783936,38.955135345459
PT,Vila Mea,https://www.cp.pt/en/pesquisa-estacao-detalhe/94-8433,-8.1843204498291,41.2453308105469
PT,Vila Nova da Baronia,https://www.cp.pt/en/pesquisa-estacao-detalhe/94-74278,-8.03509521484375,38.2938079833984
PT,Vila Nova da Rainha,https://www.cp.pt/en/pesquisa-estacao-detalhe/94-31377,-8.92836570739746,39.0361938476563
PT,Vila Nova de Ancos,https://www.cp.pt/en/pesquisa-estacao-detalhe/94-34868,-8.63766098022461,40.1072006225586
PT,Vila Nova de Cerveira,https://www.cp.pt/en/pesquisa-estacao-detalhe/94-18341,-8.74827861785889,41.9360275268555
PT,Vila Nova de Gaia - Devesas,https://www.cp.pt/en/pesquisa-estacao-detalhe/94-39164,-8.62044906616211,41.1296806335449
PT,Vila Pouca do Campo,https://www.cp.pt/en/pesquisa-estacao-detalhe/94-35105,-8.52505016326904,40.192985534668
PT,Vila Real de Santo Antonio,https://www.cp.pt/en/pesquisa-estacao-detalhe/94-73569,-7.42143487930298,37.199779510498
PT,Vila Velha de Rodao,https://www.cp.pt/en/pesquisa-estacao-detalhe/94-52647,-7.67279481887817,39.6551856994629
PT,Vilar Formoso,https://www.cp.pt/en/pesquisa-estacao-detalhe/94-49460,-6.82897233963013,40.6061058044434
PT,Vilela - Fornos,https://www.cp.pt/en/pesquisa-estacao-detalhe/94-36053,-8.4413537979126,40.2632331848145
PT,Virtudes,https://www.cp.pt/en/pesquisa-estacao-detalhe/94-33043,-8.82805442810059,39.0865097045898
PT,Vizela,https://www.cp.pt/en/pesquisa-estacao-detalhe/94-28233,-8.31238651275635,41.3790740966797
PT,Zibreira,https://www.cp.pt/en/pesquisa-estacao-detalhe/94-62331,-9.18346977233887,39.0060234069824
