SE,Alingsås,https://www.trafikverket.se/trafikinformation/tag/?Station=Alingsås&ArrDep=departure#stheader,12.532185446104254,57.92690516743591
SE,Anneberg,https://www.trafikverket.se/trafikinformation/tag/?Station=Anneberg&ArrDep=departure#stheader,12.100776421963255,57.53862892560069
SE,Aneby,https://www.trafikverket.se/trafikinformation/tag/?Station=Aneby&ArrDep=departure#stheader,14.811896253047214,57.83743457399663
SE,Aspen,https://www.trafikverket.se/trafikinformation/tag/?Station=Aspen&ArrDep=departure#stheader,12.240512226679396,57.7544220544198
SE,Arvika,https://www.trafikverket.se/trafikinformation/tag/?Station=Arvika&ArrDep=departure#stheader,12.590803362488185,59.653634160114606
SE,Arboga,https://www.trafikverket.se/trafikinformation/tag/?Station=Arboga&ArrDep=departure#stheader,15.840525562859774,59.39718938471843
SE,Arlanda C,https://www.trafikverket.se/trafikinformation/tag/?Station=Arlanda+C&ArrDep=departure#stheader,17.928489376767153,59.6490721184725
SE,Aspedalen,https://www.trafikverket.se/trafikinformation/tag/?Station=Aspedalen&ArrDep=departure#stheader,12.258478349737114,57.76247806425995
SE,Avesta Krylbo,https://www.trafikverket.se/trafikinformation/tag/?Station=Avesta+Krylbo&ArrDep=departure#stheader,16.21614783613068,60.129533240395325
SE,Barkåkra,https://www.trafikverket.se/trafikinformation/tag/?Station=Barkåkra&ArrDep=departure#stheader,12.824631907238487,56.29365574638131
SE,Bodafors,https://www.trafikverket.se/trafikinformation/tag/?Station=Bodafors&ArrDep=departure#stheader,14.694780120813915,57.50610013766453
SE,Brunflo,https://www.trafikverket.se/trafikinformation/tag/?Station=Brunflo&ArrDep=departure#stheader,14.83258391472947,63.07597328990661
SE,Berga,https://www.trafikverket.se/trafikinformation/tag/?Station=Berga&ArrDep=departure#stheader,16.03344296431932,57.216532806318675
SE,Bräkne-Hoby,https://www.trafikverket.se/trafikinformation/tag/?Station=Bräkne-Hoby&ArrDep=departure#stheader,15.116058337775867,56.23137013486128
SE,Bohus,https://www.trafikverket.se/trafikinformation/tag/?Station=Bohus&ArrDep=departure#stheader,12.019564370075221,57.86400556370349
SE,Billeberga,https://www.trafikverket.se/trafikinformation/tag/?Station=Billeberga&ArrDep=departure#stheader,12.995848248586679,55.883760198284975
SE,Billesholm,https://www.trafikverket.se/trafikinformation/tag/?Station=Billesholm&ArrDep=departure#stheader,12.976830145866249,56.05640540237722
SE,Bjärnum,https://www.trafikverket.se/trafikinformation/tag/?Station=Bjärnum&ArrDep=departure#stheader,13.704058706656575,56.29292687924858
SE,Bjuv,https://www.trafikverket.se/trafikinformation/tag/?Station=Bjuv&ArrDep=departure#stheader,12.911074010161109,56.08256743620135
SE,Ballingslöv,https://www.trafikverket.se/trafikinformation/tag/?Station=Ballingslöv&ArrDep=departure#stheader,13.848391954654778,56.21403392334321
SE,Borlänge C,https://www.trafikverket.se/trafikinformation/tag/?Station=Borlänge+C&ArrDep=departure#stheader,15.425472110792883,60.48294313144746
SE,Björkliden,https://www.trafikverket.se/trafikinformation/tag/?Station=Björkliden&ArrDep=departure#stheader,18.686353425150315,68.40838723444702
SE,Burlöv,https://www.trafikverket.se/trafikinformation/tag/?Station=Burlöv&ArrDep=departure#stheader,13.080395582180266,55.64091823046342
SE,Blomstermåla,https://www.trafikverket.se/trafikinformation/tag/?Station=Blomstermåla&ArrDep=departure#stheader,16.332113994814883,56.98071116413157
SE,Bromölla,https://www.trafikverket.se/trafikinformation/tag/?Station=Bromölla&ArrDep=departure#stheader,14.481619522840045,56.06716458657247
SE,Bollnäs,https://www.trafikverket.se/trafikinformation/tag/?Station=Bollnäs&ArrDep=departure#stheader,16.39172039510172,61.349484740921
SE,Bor,https://www.trafikverket.se/trafikinformation/tag/?Station=Bor&ArrDep=departure#stheader,14.168643518367546,57.11613155583396
SE,Bro,https://www.trafikverket.se/trafikinformation/tag/?Station=Bro&ArrDep=departure#stheader,17.63295833296967,59.51230001127903
SE,Bankeryd,https://www.trafikverket.se/trafikinformation/tag/?Station=Bankeryd&ArrDep=departure#stheader,14.128233643780135,57.86035988263995
SE,Borås C,https://www.trafikverket.se/trafikinformation/tag/?Station=Borås+C&ArrDep=departure#stheader,12.931025002212843,57.72033164396432
SE,Boxholm,https://www.trafikverket.se/trafikinformation/tag/?Station=Boxholm&ArrDep=departure#stheader,15.053630692695465,58.192918907511896
SE,Bålsta,https://www.trafikverket.se/trafikinformation/tag/?Station=Bålsta&ArrDep=departure#stheader,17.531884533882906,59.56943227302207
SE,Båstad,https://www.trafikverket.se/trafikinformation/tag/?Station=Båstad&ArrDep=departure#stheader,12.905212805538408,56.43083500185636
SE,Bräcke,https://www.trafikverket.se/trafikinformation/tag/?Station=Bräcke&ArrDep=departure#stheader,15.417618050343549,62.75000390334617
SE,Bäckebron,https://www.trafikverket.se/trafikinformation/tag/?Station=Bäckebron&ArrDep=departure#stheader,13.166164356198387,59.66103812891246
SE,Charlottenberg,https://www.trafikverket.se/trafikinformation/tag/?Station=Charlottenberg&ArrDep=departure#stheader,12.299264072296928,59.883130435147514
SE,Karlskrona C,https://www.trafikverket.se/trafikinformation/tag/?Station=Karlskrona+C&ArrDep=departure#stheader,15.585251334280816,56.16705684548156
SE,Kristianstad C,https://www.trafikverket.se/trafikinformation/tag/?Station=Kristianstad+C&ArrDep=departure#stheader,14.150831259876473,56.03222163982228
SE,Stockholm C,https://www.trafikverket.se/trafikinformation/tag/?Station=Stockholm+C&ArrDep=departure#stheader,18.057267002912894,59.32997084067343
SE,Degerfors,https://www.trafikverket.se/trafikinformation/tag/?Station=Degerfors&ArrDep=departure#stheader,14.44035533300219,59.228876276495974
SE,Diö,https://www.trafikverket.se/trafikinformation/tag/?Station=Diö&ArrDep=departure#stheader,14.214230609117562,56.63308575958092
SE,Dingle,https://www.trafikverket.se/trafikinformation/tag/?Station=Dingle&ArrDep=departure#stheader,11.579114440666045,58.52957409022074
SE,Dingtuna,https://www.trafikverket.se/trafikinformation/tag/?Station=Dingtuna&ArrDep=departure#stheader,16.38977899866397,59.57156442396192
SE,Duved,https://www.trafikverket.se/trafikinformation/tag/?Station=Duved&ArrDep=departure#stheader,12.917487955428815,63.38976511573256
SE,Dösjebro,https://www.trafikverket.se/trafikinformation/tag/?Station=Dösjebro&ArrDep=departure#stheader,13.032899524136239,55.82298492206059
SE,Eslöv,https://www.trafikverket.se/trafikinformation/tag/?Station=Eslöv&ArrDep=departure#stheader,13.305373319662774,55.837681383358294
SE,Eksjö,https://www.trafikverket.se/trafikinformation/tag/?Station=Eksjö&ArrDep=departure#stheader,14.975428354753957,57.663752978577406
SE,Emmaboda,https://www.trafikverket.se/trafikinformation/tag/?Station=Emmaboda&ArrDep=departure#stheader,15.534935498289862,56.62978958883064
SE,Edane,https://www.trafikverket.se/trafikinformation/tag/?Station=Edane&ArrDep=departure#stheader,12.829341334320718,59.626809020984155
SE,Enafors,https://www.trafikverket.se/trafikinformation/tag/?Station=Enafors&ArrDep=departure#stheader,12.337325366207605,63.28977887711974
SE,Enköping,https://www.trafikverket.se/trafikinformation/tag/?Station=Enköping&ArrDep=departure#stheader,17.088656467115303,59.644579842994766
SE,Eskilstuna C,https://www.trafikverket.se/trafikinformation/tag/?Station=Eskilstuna+C&ArrDep=departure#stheader,16.505455886437957,59.36938758900159
SE,Falköping C,https://www.trafikverket.se/trafikinformation/tag/?Station=Falköping+C&ArrDep=departure#stheader,13.552006166892683,58.17574383642272
SE,Falkenberg,https://www.trafikverket.se/trafikinformation/tag/?Station=Falkenberg&ArrDep=departure#stheader,12.5087243008787,56.919506640041774
SE,Falerum,https://www.trafikverket.se/trafikinformation/tag/?Station=Falerum&ArrDep=departure#stheader,16.207194169444882,58.143638418794836
SE,Farsta strand,https://www.trafikverket.se/trafikinformation/tag/?Station=Farsta+strand&ArrDep=departure#stheader,18.10413710607887,59.23670495820469
SE,Floby,https://www.trafikverket.se/trafikinformation/tag/?Station=Floby&ArrDep=departure#stheader,13.3322272061579,58.13874361149557
SE,Floda,https://www.trafikverket.se/trafikinformation/tag/?Station=Floda&ArrDep=departure#stheader,12.361481813551608,57.810002553898904
SE,Fagersta C,https://www.trafikverket.se/trafikinformation/tag/?Station=Fagersta+C&ArrDep=departure#stheader,15.8154658398986,59.9905487517203
SE,Fagersta Norra,https://www.trafikverket.se/trafikinformation/tag/?Station=Fagersta+Norra&ArrDep=departure#stheader,15.775344869618772,60.00864198839504
SE,Forshem,https://www.trafikverket.se/trafikinformation/tag/?Station=Forshem&ArrDep=departure#stheader,13.491826340589553,58.61808317233064
SE,Flemingsberg,https://www.trafikverket.se/trafikinformation/tag/?Station=Flemingsberg&ArrDep=departure#stheader,17.947841782759284,59.219261487713695
SE,Flen,https://www.trafikverket.se/trafikinformation/tag/?Station=Flen&ArrDep=departure#stheader,16.585278216397928,59.05694659059949
SE,Falun C,https://www.trafikverket.se/trafikinformation/tag/?Station=Falun+C&ArrDep=departure#stheader,15.641726682297532,60.60324730354536
SE,Forserum,https://www.trafikverket.se/trafikinformation/tag/?Station=Forserum&ArrDep=departure#stheader,14.474112532227917,57.69785662926182
SE,Fristad,https://www.trafikverket.se/trafikinformation/tag/?Station=Fristad&ArrDep=departure#stheader,13.00862613395924,57.8274249815326
SE,Fränsta,https://www.trafikverket.se/trafikinformation/tag/?Station=Fränsta&ArrDep=departure#stheader,16.167448838315327,62.49601259932634
SE,Frövi,https://www.trafikverket.se/trafikinformation/tag/?Station=Frövi&ArrDep=departure#stheader,15.36369435774095,59.467619966120765
SE,Furuvik,https://www.trafikverket.se/trafikinformation/tag/?Station=Furuvik&ArrDep=departure#stheader,17.329682434339574,60.65141639237905
SE,Förslöv,https://www.trafikverket.se/trafikinformation/tag/?Station=Förslöv&ArrDep=departure#stheader,12.80136419479612,56.355434838949776
SE,Gamleby,https://www.trafikverket.se/trafikinformation/tag/?Station=Gamleby&ArrDep=departure#stheader,16.409636995574612,57.89699349903439
SE,Gamlestaden,https://www.trafikverket.se/trafikinformation/tag/?Station=Gamlestaden&ArrDep=departure#stheader,12.004010729554677,57.72687400375958
SE,Gårdsjö,https://www.trafikverket.se/trafikinformation/tag/?Station=Gårdsjö&ArrDep=departure#stheader,14.333802381332177,58.872130484738726
SE,Grängesberg,https://www.trafikverket.se/trafikinformation/tag/?Station=Grängesberg&ArrDep=departure#stheader,15.003432083863114,60.07503751365522
SE,Glumslöv,https://www.trafikverket.se/trafikinformation/tag/?Station=Glumslöv&ArrDep=departure#stheader,12.814172036663246,55.94401151129871
SE,Gemla,https://www.trafikverket.se/trafikinformation/tag/?Station=Gemla&ArrDep=departure#stheader,14.646249034033074,56.87076516651419
SE,Grums,https://www.trafikverket.se/trafikinformation/tag/?Station=Grums&ArrDep=departure#stheader,13.113764754588837,59.353001504531164
SE,Gnesta,https://www.trafikverket.se/trafikinformation/tag/?Station=Gnesta&ArrDep=departure#stheader,17.31284111855289,59.048549274564444
SE,Gunnesbo,https://www.trafikverket.se/trafikinformation/tag/?Station=Gunnesbo&ArrDep=departure#stheader,13.168516644923532,55.72575549973703
SE,Gagnef,https://www.trafikverket.se/trafikinformation/tag/?Station=Gagnef&ArrDep=departure#stheader,15.081034635635032,60.598755555224464
SE,Gnosjö,https://www.trafikverket.se/trafikinformation/tag/?Station=Gnosjö&ArrDep=departure#stheader,13.734999965282306,57.3585171432248
SE,Grästorp,https://www.trafikverket.se/trafikinformation/tag/?Station=Grästorp&ArrDep=departure#stheader,12.685777444832095,58.334593430671276
SE,Gärsnäs,https://www.trafikverket.se/trafikinformation/tag/?Station=Gärsnäs&ArrDep=departure#stheader,14.181556608018504,55.546497527615365
SE,Gävle C,https://www.trafikverket.se/trafikinformation/tag/?Station=Gävle+C&ArrDep=departure#stheader,17.15175002287261,60.67608613035817
SE,Gällö,https://www.trafikverket.se/trafikinformation/tag/?Station=Gällö&ArrDep=departure#stheader,15.229499485589841,62.911233819282245
SE,Helsingborg C,https://www.trafikverket.se/trafikinformation/tag/?Station=Helsingborg+C&ArrDep=departure#stheader,12.695170369660401,56.04353768729228
SE,Högboda,https://www.trafikverket.se/trafikinformation/tag/?Station=Högboda&ArrDep=departure#stheader,13.051154991235645,59.55751992594047
SE,Ramlösa,https://www.trafikverket.se/trafikinformation/tag/?Station=Ramlösa&ArrDep=departure#stheader,12.72190926635053,56.02711985716998
SE,Halmstad C,https://www.trafikverket.se/trafikinformation/tag/?Station=Halmstad+C&ArrDep=departure#stheader,12.864818965578987,56.66960291202691
SE,Hedemora,https://www.trafikverket.se/trafikinformation/tag/?Station=Hedemora&ArrDep=departure#stheader,15.980235477603605,60.27410434945127
SE,Holmsveden,https://www.trafikverket.se/trafikinformation/tag/?Station=Holmsveden&ArrDep=departure#stheader,16.719091843482815,61.119708853915455
SE,Helenelund,https://www.trafikverket.se/trafikinformation/tag/?Station=Helenelund&ArrDep=departure#stheader,17.9622240174434,59.40917633433378
SE,Hestra,https://www.trafikverket.se/trafikinformation/tag/?Station=Hestra&ArrDep=departure#stheader,13.595753784550018,57.443107909129445
SE,Hultsfred,https://www.trafikverket.se/trafikinformation/tag/?Station=Hultsfred&ArrDep=departure#stheader,15.847113329181331,57.48591121279468
SE,Hemfosa,https://www.trafikverket.se/trafikinformation/tag/?Station=Hemfosa&ArrDep=departure#stheader,17.976580278469207,59.06878868044684
SE,Hofors,https://www.trafikverket.se/trafikinformation/tag/?Station=Hofors&ArrDep=departure#stheader,16.266177324608176,60.569582530260384
SE,Häggvik,https://www.trafikverket.se/trafikinformation/tag/?Station=Häggvik&ArrDep=departure#stheader,17.933708214106918,59.443229734865824
SE,Hallstahammar,https://www.trafikverket.se/trafikinformation/tag/?Station=Hallstahammar&ArrDep=departure#stheader,16.22019442104221,59.614655925309236
SE,Hyllie,https://www.trafikverket.se/trafikinformation/tag/?Station=Hyllie&ArrDep=departure#stheader,12.976334306982288,55.56314797091764
SE,Hjärup,https://www.trafikverket.se/trafikinformation/tag/?Station=Hjärup&ArrDep=departure#stheader,13.136180331841159,55.67380878088584
SE,Huskvarna,https://www.trafikverket.se/trafikinformation/tag/?Station=Huskvarna&ArrDep=departure#stheader,14.264765052760872,57.78236557078989
SE,Hudiksvall,https://www.trafikverket.se/trafikinformation/tag/?Station=Hudiksvall&ArrDep=departure#stheader,17.109181597697,61.724663722266975
SE,Holmsjö,https://www.trafikverket.se/trafikinformation/tag/?Station=Holmsjö&ArrDep=departure#stheader,15.542248196115207,56.42223781513127
SE,Handen,https://www.trafikverket.se/trafikinformation/tag/?Station=Handen&ArrDep=departure#stheader,18.134083391796956,59.16628512504594
SE,Hälleforsnäs,https://www.trafikverket.se/trafikinformation/tag/?Station=Hälleforsnäs&ArrDep=departure#stheader,16.502559282776225,59.16199646024948
SE,Habo,https://www.trafikverket.se/trafikinformation/tag/?Station=Habo&ArrDep=departure#stheader,14.076950578979076,57.90639312429115
SE,Haparanda,https://www.trafikverket.se/trafikinformation/tag/?Station=Haparanda&ArrDep=departure#stheader,24.131133045988825,65.8281113449655
SE,Hallsberg,https://www.trafikverket.se/trafikinformation/tag/?Station=Hallsberg&ArrDep=departure#stheader,15.111247801460943,59.067109056207826
SE,Herrljunga C,https://www.trafikverket.se/trafikinformation/tag/?Station=Herrljunga+C&ArrDep=departure#stheader,13.020948677544308,58.07905700239791
SE,Horred,https://www.trafikverket.se/trafikinformation/tag/?Station=Horred&ArrDep=departure#stheader,12.477653798811492,57.35372200206128
SE,Härnösand C,https://www.trafikverket.se/trafikinformation/tag/?Station=Härnösand+C&ArrDep=departure#stheader,17.92838619189114,62.63527303395426
SE,Huddinge,https://www.trafikverket.se/trafikinformation/tag/?Station=Huddinge&ArrDep=departure#stheader,17.978043129737866,59.235745450351786
SE,Hästveda,https://www.trafikverket.se/trafikinformation/tag/?Station=Hästveda&ArrDep=departure#stheader,13.934798039244678,56.28856744055991
SE,Hovmantorp,https://www.trafikverket.se/trafikinformation/tag/?Station=Hovmantorp&ArrDep=departure#stheader,15.139584168498338,56.78621973438642
SE,Håkantorp,https://www.trafikverket.se/trafikinformation/tag/?Station=Håkantorp&ArrDep=departure#stheader,12.907646820827386,58.306663927115316
SE,Hindås,https://www.trafikverket.se/trafikinformation/tag/?Station=Hindås&ArrDep=departure#stheader,12.450955795859276,57.70442998108977
SE,Häljarp,https://www.trafikverket.se/trafikinformation/tag/?Station=Häljarp&ArrDep=departure#stheader,12.912557697821418,55.860824070017046
SE,Höör,https://www.trafikverket.se/trafikinformation/tag/?Station=Höör&ArrDep=departure#stheader,13.543109032870959,55.93751670322811
SE,Insjön,https://www.trafikverket.se/trafikinformation/tag/?Station=Insjön&ArrDep=departure#stheader,15.09440547505756,60.675512120195
SE,Jordbro,https://www.trafikverket.se/trafikinformation/tag/?Station=Jordbro&ArrDep=departure#stheader,18.126627617865534,59.142335396312376
SE,Jakobsberg,https://www.trafikverket.se/trafikinformation/tag/?Station=Jakobsberg&ArrDep=departure#stheader,17.83311960293623,59.42380587512121
SE,Järna,https://www.trafikverket.se/trafikinformation/tag/?Station=Järna&ArrDep=departure#stheader,17.56838888499918,59.093817556795436
SE,Jonsered,https://www.trafikverket.se/trafikinformation/tag/?Station=Jonsered&ArrDep=departure#stheader,12.17362340481133,57.749846131636886
SE,Jönköping C,https://www.trafikverket.se/trafikinformation/tag/?Station=Jönköping+C&ArrDep=departure#stheader,14.164573787695401,57.78445772239434
SE,Katrineholm C,https://www.trafikverket.se/trafikinformation/tag/?Station=Katrineholm+C&ArrDep=departure#stheader,16.20918363170913,58.99651167620936
SE,Kattarp,https://www.trafikverket.se/trafikinformation/tag/?Station=Kattarp&ArrDep=departure#stheader,12.777608259460704,56.140774354068334
SE,Kalmar C,https://www.trafikverket.se/trafikinformation/tag/?Station=Kalmar+C&ArrDep=departure#stheader,16.360325202050554,56.66131381188299
SE,Kungsbacka,https://www.trafikverket.se/trafikinformation/tag/?Station=Kungsbacka&ArrDep=departure#stheader,12.07987181665218,57.48950544031248
SE,Kolbäck,https://www.trafikverket.se/trafikinformation/tag/?Station=Kolbäck&ArrDep=departure#stheader,16.233449451415915,59.564275066589246
SE,Kågeröd,https://www.trafikverket.se/trafikinformation/tag/?Station=Kågeröd&ArrDep=departure#stheader,13.08275972603388,56.00153406097582
SE,Krigslida,https://www.trafikverket.se/trafikinformation/tag/?Station=Krigslida&ArrDep=departure#stheader,18.065552646044075,59.108906678332126
SE,Kode,https://www.trafikverket.se/trafikinformation/tag/?Station=Kode&ArrDep=departure#stheader,11.850915969023228,57.944463548544334
SE,Karlberg,https://www.trafikverket.se/trafikinformation/tag/?Station=Karlberg&ArrDep=departure#stheader,18.02841092812193,59.34026923318948
SE,Kävlinge,https://www.trafikverket.se/trafikinformation/tag/?Station=Kävlinge&ArrDep=departure#stheader,13.111371832062686,55.794495008848955
SE,Klostergården,https://www.trafikverket.se/trafikinformation/tag/?Station=Klostergården&ArrDep=departure#stheader,13.17116184603064,55.69437622326718
SE,Karlshamn,https://www.trafikverket.se/trafikinformation/tag/?Station=Karlshamn&ArrDep=departure#stheader,14.866386877828996,56.17713901811646
SE,Hede,https://www.trafikverket.se/trafikinformation/tag/?Station=Hede&ArrDep=departure#stheader,12.084367530003666,57.51411891806205
SE,Kristinehamn,https://www.trafikverket.se/trafikinformation/tag/?Station=Kristinehamn&ArrDep=departure#stheader,14.107122432191877,59.31739872551908
SE,Kallhäll,https://www.trafikverket.se/trafikinformation/tag/?Station=Kallhäll&ArrDep=departure#stheader,17.807289028255887,59.45234417420927
SE,Kil,https://www.trafikverket.se/trafikinformation/tag/?Station=Kil&ArrDep=departure#stheader,13.315881677110461,59.504742987565244
SE,Kisa,https://www.trafikverket.se/trafikinformation/tag/?Station=Kisa&ArrDep=departure#stheader,15.634102153708474,57.98463082276202
SE,Klippan,https://www.trafikverket.se/trafikinformation/tag/?Station=Klippan&ArrDep=departure#stheader,13.13003436608401,56.130688346262254
SE,Kumla,https://www.trafikverket.se/trafikinformation/tag/?Station=Kumla&ArrDep=departure#stheader,15.140951207519517,59.127546039877174
SE,Kilafors,https://www.trafikverket.se/trafikinformation/tag/?Station=Kilafors&ArrDep=departure#stheader,16.570398791877707,61.23068978245371
SE,Kimstad,https://www.trafikverket.se/trafikinformation/tag/?Station=Kimstad&ArrDep=departure#stheader,15.968849409687596,58.536269119269186
SE,Knivsta,https://www.trafikverket.se/trafikinformation/tag/?Station=Knivsta&ArrDep=departure#stheader,17.787099193488487,59.72540889315591
SE,Kolmården,https://www.trafikverket.se/trafikinformation/tag/?Station=Kolmården&ArrDep=departure#stheader,16.362527340300144,58.674698185267616
SE,Köping,https://www.trafikverket.se/trafikinformation/tag/?Station=Köping&ArrDep=departure#stheader,16.006600818148108,59.506216236811404
SE,Kopparberg,https://www.trafikverket.se/trafikinformation/tag/?Station=Kopparberg&ArrDep=departure#stheader,14.9868909700589,59.872634543946816
SE,Killeberg,https://www.trafikverket.se/trafikinformation/tag/?Station=Killeberg&ArrDep=departure#stheader,14.098457558724308,56.47483745605889
SE,Kållered,https://www.trafikverket.se/trafikinformation/tag/?Station=Kållered&ArrDep=departure#stheader,12.046219091325822,57.61547579973257
SE,Klevshult,https://www.trafikverket.se/trafikinformation/tag/?Station=Klevshult&ArrDep=departure#stheader,14.097317099964833,57.35156605982935
SE,Kvidinge,https://www.trafikverket.se/trafikinformation/tag/?Station=Kvidinge&ArrDep=departure#stheader,13.046139808313916,56.13720817568074
SE,Kungsängen,https://www.trafikverket.se/trafikinformation/tag/?Station=Kungsängen&ArrDep=departure#stheader,17.752825171041373,59.478122749065776
SE,Kungsör,https://www.trafikverket.se/trafikinformation/tag/?Station=Kungsör&ArrDep=departure#stheader,16.10310222516729,59.42779891170679
SE,Ludvika,https://www.trafikverket.se/trafikinformation/tag/?Station=Ludvika&ArrDep=departure#stheader,15.18249388762999,60.14987845922074
SE,Laholm,https://www.trafikverket.se/trafikinformation/tag/?Station=Laholm&ArrDep=departure#stheader,12.999365637352259,56.502689714830744
SE,Lingbo,https://www.trafikverket.se/trafikinformation/tag/?Station=Lingbo&ArrDep=departure#stheader,16.672797728765662,61.044939671430086
SE,Lindesberg,https://www.trafikverket.se/trafikinformation/tag/?Station=Lindesberg&ArrDep=departure#stheader,15.228644817968565,59.59451621700285
SE,Lindome,https://www.trafikverket.se/trafikinformation/tag/?Station=Lindome&ArrDep=departure#stheader,12.07872881104238,57.576030234580344
SE,Luleå,https://www.trafikverket.se/trafikinformation/tag/?Station=Luleå&ArrDep=departure#stheader,22.165607456810445,65.5840859245109
SE,Lödöse Södra,https://www.trafikverket.se/trafikinformation/tag/?Station=Lödöse+Södra&ArrDep=departure#stheader,12.164954927016302,58.014616199040184
SE,Läggesta,https://www.trafikverket.se/trafikinformation/tag/?Station=Läggesta&ArrDep=departure#stheader,17.169099164601796,59.24754847713904
SE,Linghem,https://www.trafikverket.se/trafikinformation/tag/?Station=Linghem&ArrDep=departure#stheader,15.785130817234167,58.43628121707231
SE,Lammhult,https://www.trafikverket.se/trafikinformation/tag/?Station=Lammhult&ArrDep=departure#stheader,14.585611224674281,57.17185120327815
SE,Liseberg,https://www.trafikverket.se/trafikinformation/tag/?Station=Liseberg&ArrDep=departure#stheader,11.996703846266206,57.69950382786189
SE,Ljungskile,https://www.trafikverket.se/trafikinformation/tag/?Station=Ljungskile&ArrDep=departure#stheader,11.92101152674327,58.22476363594533
SE,Ljung,https://www.trafikverket.se/trafikinformation/tag/?Station=Ljung&ArrDep=departure#stheader,13.053311244680973,57.98645155653827
SE,Lidköping,https://www.trafikverket.se/trafikinformation/tag/?Station=Lidköping&ArrDep=departure#stheader,13.16509727928743,58.50439218417674
SE,Landskrona,https://www.trafikverket.se/trafikinformation/tag/?Station=Landskrona&ArrDep=departure#stheader,12.857361709696729,55.879090391773325
SE,Limmared,https://www.trafikverket.se/trafikinformation/tag/?Station=Limmared&ArrDep=departure#stheader,13.353545119361378,57.53398233842563
SE,Lessebo,https://www.trafikverket.se/trafikinformation/tag/?Station=Lessebo&ArrDep=departure#stheader,15.258529169669195,56.75056169168257
SE,Linköping C,https://www.trafikverket.se/trafikinformation/tag/?Station=Linköping+C&ArrDep=departure#stheader,15.624342190385477,58.4170369817451
SE,Lerum,https://www.trafikverket.se/trafikinformation/tag/?Station=Lerum&ArrDep=departure#stheader,12.272803970857407,57.76940162823193
SE,Landeryd,https://www.trafikverket.se/trafikinformation/tag/?Station=Landeryd&ArrDep=departure#stheader,13.265593756211672,57.07672896468214
SE,Ljusdal,https://www.trafikverket.se/trafikinformation/tag/?Station=Ljusdal&ArrDep=departure#stheader,16.096509739977524,61.82680948592414
SE,Leksand,https://www.trafikverket.se/trafikinformation/tag/?Station=Leksand&ArrDep=departure#stheader,15.003007107004047,60.73403002213013
SE,Lund C,https://www.trafikverket.se/trafikinformation/tag/?Station=Lund+C&ArrDep=departure#stheader,13.186572702646671,55.70724957943727
SE,Lycksele,https://www.trafikverket.se/trafikinformation/tag/?Station=Lycksele&ArrDep=departure#stheader,18.66877423919453,64.59426716955433
SE,Laxå,https://www.trafikverket.se/trafikinformation/tag/?Station=Laxå&ArrDep=departure#stheader,14.61460270515658,58.98891910819378
SE,Marma,https://www.trafikverket.se/trafikinformation/tag/?Station=Marma&ArrDep=departure#stheader,17.43086204190253,60.49150377844697
SE,Malmö C,https://www.trafikverket.se/trafikinformation/tag/?Station=Malmö+C&ArrDep=departure#stheader,13.00022975756153,55.60971819521705
SE,Mölndal,https://www.trafikverket.se/trafikinformation/tag/?Station=Mölndal&ArrDep=departure#stheader,12.016663733057168,57.66338710843021
SE,Mehedeby,https://www.trafikverket.se/trafikinformation/tag/?Station=Mehedeby&ArrDep=departure#stheader,17.40069750755931,60.45069394593938
SE,Maria,https://www.trafikverket.se/trafikinformation/tag/?Station=Maria&ArrDep=departure#stheader,12.70498540520503,56.072957789437744
SE,Munkedal,https://www.trafikverket.se/trafikinformation/tag/?Station=Munkedal&ArrDep=departure#stheader,11.674984445399943,58.466885009672716
SE,Mellerud,https://www.trafikverket.se/trafikinformation/tag/?Station=Mellerud&ArrDep=departure#stheader,12.46478764579404,58.70183065582811
SE,Moheda,https://www.trafikverket.se/trafikinformation/tag/?Station=Moheda&ArrDep=departure#stheader,14.576590169141012,57.003120655291596
SE,Motala C,https://www.trafikverket.se/trafikinformation/tag/?Station=Motala+C&ArrDep=departure#stheader,15.048178620362682,58.53750680248305
SE,Märsta,https://www.trafikverket.se/trafikinformation/tag/?Station=Märsta&ArrDep=departure#stheader,17.861556052462948,59.627719089811976
SE,Mora C,https://www.trafikverket.se/trafikinformation/tag/?Station=Mora+C&ArrDep=departure#stheader,14.559096089924193,61.00871230341528
SE,Markaryd,https://www.trafikverket.se/trafikinformation/tag/?Station=Markaryd&ArrDep=departure#stheader,13.593922720738288,56.45961821363549
SE,Mörrum,https://www.trafikverket.se/trafikinformation/tag/?Station=Mörrum&ArrDep=departure#stheader,14.742953075807238,56.186854158017454
SE,Mariestad,https://www.trafikverket.se/trafikinformation/tag/?Station=Mariestad&ArrDep=departure#stheader,13.825665874772632,58.71125833953975
SE,Mantorp,https://www.trafikverket.se/trafikinformation/tag/?Station=Mantorp&ArrDep=departure#stheader,15.288154560930568,58.34798880039495
SE,Mullsjö,https://www.trafikverket.se/trafikinformation/tag/?Station=Mullsjö&ArrDep=departure#stheader,13.881370819088058,57.91503506357715
SE,Mjölby,https://www.trafikverket.se/trafikinformation/tag/?Station=Mjölby&ArrDep=departure#stheader,15.132100991529194,58.32274619504279
SE,Mölnlycke,https://www.trafikverket.se/trafikinformation/tag/?Station=Mölnlycke&ArrDep=departure#stheader,12.118661976565608,57.657026123797195
SE,Morgongåva,https://www.trafikverket.se/trafikinformation/tag/?Station=Morgongåva&ArrDep=departure#stheader,16.96136178499378,59.932905784908314
SE,Månsarp,https://www.trafikverket.se/trafikinformation/tag/?Station=Månsarp&ArrDep=departure#stheader,14.071051553291966,57.65400314678451
SE,Mölnbo,https://www.trafikverket.se/trafikinformation/tag/?Station=Mölnbo&ArrDep=departure#stheader,17.418288038233758,59.047361182405425
SE,Mörarp,https://www.trafikverket.se/trafikinformation/tag/?Station=Mörarp&ArrDep=departure#stheader,12.873598103252082,56.05535238002282
SE,Nässjö C,https://www.trafikverket.se/trafikinformation/tag/?Station=Nässjö+C&ArrDep=departure#stheader,14.694734586364117,57.65135943333581
SE,Nynäsgård,https://www.trafikverket.se/trafikinformation/tag/?Station=Nynäsgård&ArrDep=departure#stheader,17.942529473630906,58.91373621985769
SE,Nykvarn,https://www.trafikverket.se/trafikinformation/tag/?Station=Nykvarn&ArrDep=departure#stheader,17.43208037980292,59.17873227311161
SE,Nordmaling,https://www.trafikverket.se/trafikinformation/tag/?Station=Nordmaling&ArrDep=departure#stheader,19.48231845167367,63.57840297680431
SE,Nol,https://www.trafikverket.se/trafikinformation/tag/?Station=Nol&ArrDep=departure#stheader,12.060617657182846,57.917647389765534
SE,Norrköping C,https://www.trafikverket.se/trafikinformation/tag/?Station=Norrköping+C&ArrDep=departure#stheader,16.181679013862396,58.59626641449276
SE,Norsesund,https://www.trafikverket.se/trafikinformation/tag/?Station=Norsesund&ArrDep=departure#stheader,12.438839347674683,57.861336645911805
SE,Norrviken,https://www.trafikverket.se/trafikinformation/tag/?Station=Norrviken&ArrDep=departure#stheader,17.92435659586524,59.45936219252686
SE,Notviken,https://www.trafikverket.se/trafikinformation/tag/?Station=Notviken&ArrDep=departure#stheader,22.118734557014367,65.61065686280517
SE,Nybro,https://www.trafikverket.se/trafikinformation/tag/?Station=Nybro&ArrDep=departure#stheader,15.908953362895629,56.742404760300424
SE,Nynäshamn,https://www.trafikverket.se/trafikinformation/tag/?Station=Nynäshamn&ArrDep=departure#stheader,17.949664190211806,58.90022886142007
SE,Nödinge,https://www.trafikverket.se/trafikinformation/tag/?Station=Nödinge&ArrDep=departure#stheader,12.042947464456729,57.89244082330511
SE,Osby,https://www.trafikverket.se/trafikinformation/tag/?Station=Osby&ArrDep=departure#stheader,13.995681763117318,56.381181280021785
SE,Ockelbo,https://www.trafikverket.se/trafikinformation/tag/?Station=Ockelbo&ArrDep=departure#stheader,16.720896053429847,60.891161698352434
SE,Partille,https://www.trafikverket.se/trafikinformation/tag/?Station=Partille&ArrDep=departure#stheader,12.102643906496683,57.74071029480484
SE,Perstorp,https://www.trafikverket.se/trafikinformation/tag/?Station=Perstorp&ArrDep=departure#stheader,13.398581613239386,56.13640272346102
SE,Påarp,https://www.trafikverket.se/trafikinformation/tag/?Station=Påarp&ArrDep=departure#stheader,12.817187633699554,56.029265565641694
SE,Rotebro,https://www.trafikverket.se/trafikinformation/tag/?Station=Rotebro&ArrDep=departure#stheader,17.915298244501987,59.47551423172771
SE,Ronneby,https://www.trafikverket.se/trafikinformation/tag/?Station=Ronneby&ArrDep=departure#stheader,15.283598667641009,56.20644565152387
SE,Rävlanda,https://www.trafikverket.se/trafikinformation/tag/?Station=Rävlanda&ArrDep=departure#stheader,12.500280213672255,57.654426432199934
SE,Rydsgård,https://www.trafikverket.se/trafikinformation/tag/?Station=Rydsgård&ArrDep=departure#stheader,13.588473151860727,55.474231259039854
SE,Rimforsa,https://www.trafikverket.se/trafikinformation/tag/?Station=Rimforsa&ArrDep=departure#stheader,15.681679266485355,58.13530453349308
SE,Rosersberg,https://www.trafikverket.se/trafikinformation/tag/?Station=Rosersberg&ArrDep=departure#stheader,17.879821798196343,59.584359913046264
SE,Rättvik,https://www.trafikverket.se/trafikinformation/tag/?Station=Rättvik&ArrDep=departure#stheader,15.115692652875229,60.88469674620102
SE,Rydaholm,https://www.trafikverket.se/trafikinformation/tag/?Station=Rydaholm&ArrDep=departure#stheader,14.311463116204644,56.986401279225284
SE,Rydebäck,https://www.trafikverket.se/trafikinformation/tag/?Station=Rydebäck&ArrDep=departure#stheader,12.783556712742854,55.96577142340749
SE,Rönninge,https://www.trafikverket.se/trafikinformation/tag/?Station=Rönninge&ArrDep=departure#stheader,17.752228187636437,59.19351266026182
SE,Sandared,https://www.trafikverket.se/trafikinformation/tag/?Station=Sandared&ArrDep=departure#stheader,12.792492076564741,57.70953651528376
SE,Svalöv,https://www.trafikverket.se/trafikinformation/tag/?Station=Svalöv&ArrDep=departure#stheader,13.11051704792555,55.913514218592205
SE,Smålandsstenar,https://www.trafikverket.se/trafikinformation/tag/?Station=Smålandsstenar&ArrDep=departure#stheader,13.414984105550445,57.16143906860037
SE,Svedala,https://www.trafikverket.se/trafikinformation/tag/?Station=Svedala&ArrDep=departure#stheader,13.232044528222861,55.50688099620982
SE,Skene,https://www.trafikverket.se/trafikinformation/tag/?Station=Skene&ArrDep=departure#stheader,12.649438937121865,57.48843368625746
SE,Säffle,https://www.trafikverket.se/trafikinformation/tag/?Station=Säffle&ArrDep=departure#stheader,12.916233737407348,59.13235022682554
SE,Stehag,https://www.trafikverket.se/trafikinformation/tag/?Station=Stehag&ArrDep=departure#stheader,13.393432984638935,55.9002942679325
SE,Surahammar,https://www.trafikverket.se/trafikinformation/tag/?Station=Surahammar&ArrDep=departure#stheader,16.219628467453287,59.70657890834294
SE,Söderhamn,https://www.trafikverket.se/trafikinformation/tag/?Station=Söderhamn&ArrDep=departure#stheader,17.034891208113773,61.299410604921206
SE,Skövde C,https://www.trafikverket.se/trafikinformation/tag/?Station=Skövde+C&ArrDep=departure#stheader,13.851859920356175,58.38903712428387
SE,Skee,https://www.trafikverket.se/trafikinformation/tag/?Station=Skee&ArrDep=departure#stheader,11.262054485200844,58.92340879076546
SE,Skogås,https://www.trafikverket.se/trafikinformation/tag/?Station=Skogås&ArrDep=departure#stheader,18.153571851776203,59.2193568564275
SE,Skänninge,https://www.trafikverket.se/trafikinformation/tag/?Station=Skänninge&ArrDep=departure#stheader,15.092523569558676,58.392639451033105
SE,Sala,https://www.trafikverket.se/trafikinformation/tag/?Station=Sala&ArrDep=departure#stheader,16.60451662462646,59.925695404609584
SE,Sandhem,https://www.trafikverket.se/trafikinformation/tag/?Station=Sandhem&ArrDep=departure#stheader,13.772749399327958,57.9883218696031
SE,Smedjebacken,https://www.trafikverket.se/trafikinformation/tag/?Station=Smedjebacken&ArrDep=departure#stheader,15.405616799052288,60.13650713535244
SE,Stenkullen,https://www.trafikverket.se/trafikinformation/tag/?Station=Stenkullen&ArrDep=departure#stheader,12.314619854104063,57.791737150897085
SE,Stenungsund,https://www.trafikverket.se/trafikinformation/tag/?Station=Stenungsund&ArrDep=departure#stheader,11.824676807515196,58.07270857080672
SE,Sandviken,https://www.trafikverket.se/trafikinformation/tag/?Station=Sandviken&ArrDep=departure#stheader,16.777588374896403,60.61422943909086
SE,Solna,https://www.trafikverket.se/trafikinformation/tag/?Station=Solna&ArrDep=departure#stheader,18.010330005141068,59.36552593190144
SE,Sollentuna,https://www.trafikverket.se/trafikinformation/tag/?Station=Sollentuna&ArrDep=departure#stheader,17.947466934029396,59.429405167707934
SE,Spånga,https://www.trafikverket.se/trafikinformation/tag/?Station=Spånga&ArrDep=departure#stheader,17.897261223464202,59.38410076447727
SE,Skurup,https://www.trafikverket.se/trafikinformation/tag/?Station=Skurup&ArrDep=departure#stheader,13.498125658989707,55.48021075468925
SE,Storvreta,https://www.trafikverket.se/trafikinformation/tag/?Station=Storvreta&ArrDep=departure#stheader,17.706243719460808,59.956302782748
SE,Stenstorp,https://www.trafikverket.se/trafikinformation/tag/?Station=Stenstorp&ArrDep=departure#stheader,13.712659753488648,58.27291618204741
SE,Stockholms S,https://www.trafikverket.se/trafikinformation/tag/?Station=Stockholms+S&ArrDep=departure#stheader,18.06050852395418,59.31342273682387
SE,Segersäng,https://www.trafikverket.se/trafikinformation/tag/?Station=Segersäng&ArrDep=departure#stheader,17.92711057987778,59.02950489549047
SE,Säter,https://www.trafikverket.se/trafikinformation/tag/?Station=Säter&ArrDep=departure#stheader,15.757078737637682,60.34658945301538
SE,Stuvsta,https://www.trafikverket.se/trafikinformation/tag/?Station=Stuvsta&ArrDep=departure#stheader,17.997188623995584,59.25466169938883
SE,Stångby,https://www.trafikverket.se/trafikinformation/tag/?Station=Stångby&ArrDep=departure#stheader,13.199201046767921,55.74965620160393
SE,Stöde,https://www.trafikverket.se/trafikinformation/tag/?Station=Stöde&ArrDep=departure#stheader,16.599124831929124,62.41978681878938
SE,Stora Höga,https://www.trafikverket.se/trafikinformation/tag/?Station=Stora+Höga&ArrDep=departure#stheader,11.8357703915746,58.01867921943978
SE,Ställdalen,https://www.trafikverket.se/trafikinformation/tag/?Station=Ställdalen&ArrDep=departure#stheader,14.941722767163421,59.934418517762396
SE,Svågertorp,https://www.trafikverket.se/trafikinformation/tag/?Station=Svågertorp&ArrDep=departure#stheader,12.993273158440894,55.54725788776699
SE,Storlien,https://www.trafikverket.se/trafikinformation/tag/?Station=Storlien&ArrDep=departure#stheader,12.100571603120642,63.31594407134986
SE,Sundbyberg,https://www.trafikverket.se/trafikinformation/tag/?Station=Sundbyberg&ArrDep=departure#stheader,17.971824545792295,59.36083831479455
SE,Sundsvall C,https://www.trafikverket.se/trafikinformation/tag/?Station=Sundsvall+C&ArrDep=departure#stheader,17.314889256451885,62.38657417412186
SE,Surte,https://www.trafikverket.se/trafikinformation/tag/?Station=Surte&ArrDep=departure#stheader,12.013395408264682,57.82489934528709
SE,Sunne,https://www.trafikverket.se/trafikinformation/tag/?Station=Sunne&ArrDep=departure#stheader,13.149171401168353,59.83552462113087
SE,Skutskär,https://www.trafikverket.se/trafikinformation/tag/?Station=Skutskär&ArrDep=departure#stheader,17.404550696400687,60.62603691722789
SE,Sunderby sjukhus,https://www.trafikverket.se/trafikinformation/tag/?Station=Sunderby+sjukhus&ArrDep=departure#stheader,21.935408034495225,65.67328559204886
SE,Sundsvall V,https://www.trafikverket.se/trafikinformation/tag/?Station=Sundsvall+V&ArrDep=departure#stheader,17.29334653447057,62.38948105866891
SE,Storvik,https://www.trafikverket.se/trafikinformation/tag/?Station=Storvik&ArrDep=departure#stheader,16.53429588840136,60.58187774359082
SE,Svenshögen,https://www.trafikverket.se/trafikinformation/tag/?Station=Svenshögen&ArrDep=departure#stheader,11.936140763962769,58.14471655217347
SE,Stockaryd,https://www.trafikverket.se/trafikinformation/tag/?Station=Stockaryd&ArrDep=departure#stheader,14.591878813913752,57.309845250722525
SE,Skillingaryd,https://www.trafikverket.se/trafikinformation/tag/?Station=Skillingaryd&ArrDep=departure#stheader,14.090712816528699,57.428425416007144
SE,Skyttorp,https://www.trafikverket.se/trafikinformation/tag/?Station=Skyttorp&ArrDep=departure#stheader,17.736900610196518,60.07938488982906
SE,Sävsjö,https://www.trafikverket.se/trafikinformation/tag/?Station=Sävsjö&ArrDep=departure#stheader,14.665566677703065,57.402920395987124
SE,Södertälje Centrum,https://www.trafikverket.se/trafikinformation/tag/?Station=Södertälje+Centrum&ArrDep=departure#stheader,17.628350229841843,59.191144917885794
SE,Södertälje hamn,https://www.trafikverket.se/trafikinformation/tag/?Station=Södertälje+hamn&ArrDep=departure#stheader,17.64721544135771,59.17763490624526
SE,Sölvesborg,https://www.trafikverket.se/trafikinformation/tag/?Station=Sölvesborg&ArrDep=departure#stheader,14.583113646717372,56.04944438955689
SE,Sösdala,https://www.trafikverket.se/trafikinformation/tag/?Station=Sösdala&ArrDep=departure#stheader,13.680791442749944,56.03643863164526
SE,Södertälje Syd (SL),https://www.trafikverket.se/trafikinformation/tag/?Station=Södertälje+Syd+(SL)&ArrDep=departure#stheader,17.645486471394364,59.16341999348851
SE,Södertälje Syd,https://www.trafikverket.se/trafikinformation/tag/?Station=Södertälje+Syd&ArrDep=departure#stheader,17.6479616619591,59.163297664863094
SE,Töreboda,https://www.trafikverket.se/trafikinformation/tag/?Station=Töreboda&ArrDep=departure#stheader,14.12717127314256,58.70457312083429
SE,Tobo,https://www.trafikverket.se/trafikinformation/tag/?Station=Tobo&ArrDep=departure#stheader,17.633759596372364,60.25903601691429
SE,Tenhult,https://www.trafikverket.se/trafikinformation/tag/?Station=Tenhult&ArrDep=departure#stheader,14.32660545380366,57.705215486957584
SE,Trollhättan,https://www.trafikverket.se/trafikinformation/tag/?Station=Trollhättan&ArrDep=departure#stheader,12.298873376340353,58.287612874777075
SE,Tierp,https://www.trafikverket.se/trafikinformation/tag/?Station=Tierp&ArrDep=departure#stheader,17.51306676084631,60.34578295422762
SE,Tällberg,https://www.trafikverket.se/trafikinformation/tag/?Station=Tällberg&ArrDep=departure#stheader,15.020406765177164,60.81875584952782
SE,Tomelilla,https://www.trafikverket.se/trafikinformation/tag/?Station=Tomelilla&ArrDep=departure#stheader,13.949663119726432,55.54583465147683
SE,Tranås,https://www.trafikverket.se/trafikinformation/tag/?Station=Tranås&ArrDep=departure#stheader,14.975121272943591,58.03808892343431
SE,Tanum,https://www.trafikverket.se/trafikinformation/tag/?Station=Tanum&ArrDep=departure#stheader,11.295587319811254,58.713577026430556
SE,Torpshammar,https://www.trafikverket.se/trafikinformation/tag/?Station=Torpshammar&ArrDep=departure#stheader,16.3354008022405,62.47271057042378
SE,Teckomatorp,https://www.trafikverket.se/trafikinformation/tag/?Station=Teckomatorp&ArrDep=departure#stheader,13.08252386550333,55.87052818605295
SE,Trekanten,https://www.trafikverket.se/trafikinformation/tag/?Station=Trekanten&ArrDep=departure#stheader,16.113449651491333,56.70294806612262
SE,Trelleborg,https://www.trafikverket.se/trafikinformation/tag/?Station=Trelleborg&ArrDep=departure#stheader,13.161120579130548,55.371501490761055
SE,Triangeln,https://www.trafikverket.se/trafikinformation/tag/?Station=Triangeln&ArrDep=departure#stheader,13.00085368294847,55.59246336718954
SE,Timrå,https://www.trafikverket.se/trafikinformation/tag/?Station=Timrå&ArrDep=departure#stheader,17.330270338082407,62.48640255949459
SE,Tungelsta,https://www.trafikverket.se/trafikinformation/tag/?Station=Tungelsta&ArrDep=departure#stheader,18.046493758919006,59.10284954181301
SE,Tumba,https://www.trafikverket.se/trafikinformation/tag/?Station=Tumba&ArrDep=departure#stheader,17.83838550833623,59.199494366904986
SE,Tullinge,https://www.trafikverket.se/trafikinformation/tag/?Station=Tullinge&ArrDep=departure#stheader,17.9052694038482,59.20569892535356
SE,Tyringe,https://www.trafikverket.se/trafikinformation/tag/?Station=Tyringe&ArrDep=departure#stheader,13.598412186323952,56.15964233350984
SE,Trångsund,https://www.trafikverket.se/trafikinformation/tag/?Station=Trångsund&ArrDep=departure#stheader,18.13066307125546,59.22780109051692
SE,Tjörnarp,https://www.trafikverket.se/trafikinformation/tag/?Station=Tjörnarp&ArrDep=departure#stheader,13.63121216417745,56.001482608471
SE,Uppsala C,https://www.trafikverket.se/trafikinformation/tag/?Station=Uppsala+C&ArrDep=departure#stheader,17.648693798655493,59.857881695242824
SE,Ulriksdal,https://www.trafikverket.se/trafikinformation/tag/?Station=Ulriksdal&ArrDep=departure#stheader,18.00129056914428,59.37977062747633
SE,Undersåker,https://www.trafikverket.se/trafikinformation/tag/?Station=Undersåker&ArrDep=departure#stheader,13.23846885366964,63.314993800919815
SE,Upplands Väsby,https://www.trafikverket.se/trafikinformation/tag/?Station=Upplands+Väsby&ArrDep=departure#stheader,17.89923385754455,59.52048495090614
SE,Uddevalla C,https://www.trafikverket.se/trafikinformation/tag/?Station=Uddevalla+C&ArrDep=departure#stheader,11.923436825363476,58.35422333264074
SE,Umeå C,https://www.trafikverket.se/trafikinformation/tag/?Station=Umeå+C&ArrDep=departure#stheader,20.26700334655757,63.83014533560526
SE,Umeå Ö,https://www.trafikverket.se/trafikinformation/tag/?Station=Umeå+Ö&ArrDep=departure#stheader,20.293588086309867,63.81822126522059
SE,Vara,https://www.trafikverket.se/trafikinformation/tag/?Station=Vara&ArrDep=departure#stheader,12.951510270992562,58.260961626051056
SE,Vargön,https://www.trafikverket.se/trafikinformation/tag/?Station=Vargön&ArrDep=departure#stheader,12.391194628511307,58.35977255869299
SE,Västra Bodarne,https://www.trafikverket.se/trafikinformation/tag/?Station=Västra+Bodarne&ArrDep=departure#stheader,12.474109686005058,57.887564063113516
SE,Veddige,https://www.trafikverket.se/trafikinformation/tag/?Station=Veddige&ArrDep=departure#stheader,12.336845388307346,57.26668289186623
SE,Väse,https://www.trafikverket.se/trafikinformation/tag/?Station=Väse&ArrDep=departure#stheader,13.853246863626778,59.38163802001435
SE,Vedum,https://www.trafikverket.se/trafikinformation/tag/?Station=Vedum&ArrDep=departure#stheader,12.99868028028284,58.168983330510805
SE,Vissefjärda,https://www.trafikverket.se/trafikinformation/tag/?Station=Vissefjärda&ArrDep=departure#stheader,15.582586127205035,56.53801694107895
SE,Vänersborg C,https://www.trafikverket.se/trafikinformation/tag/?Station=Vänersborg+C&ArrDep=departure#stheader,12.318685010835518,58.377548601526115
SE,Vega,https://www.trafikverket.se/trafikinformation/tag/?Station=Vega&ArrDep=departure#stheader,18.13584086403241,59.186802674612046
SE,Vaggeryd,https://www.trafikverket.se/trafikinformation/tag/?Station=Vaggeryd&ArrDep=departure#stheader,14.145410360404165,57.498203707616604
SE,Vårgårda,https://www.trafikverket.se/trafikinformation/tag/?Station=Vårgårda&ArrDep=departure#stheader,12.80925354843142,58.03114356824591
SE,Vattholma,https://www.trafikverket.se/trafikinformation/tag/?Station=Vattholma&ArrDep=departure#stheader,17.730865274322923,60.02511867897652
SE,Vagnhärad,https://www.trafikverket.se/trafikinformation/tag/?Station=Vagnhärad&ArrDep=departure#stheader,17.498783959607128,58.94583469808809
SE,Västerhaninge,https://www.trafikverket.se/trafikinformation/tag/?Station=Västerhaninge&ArrDep=departure#stheader,18.103366434537257,59.12303313671654
SE,Vimmerby,https://www.trafikverket.se/trafikinformation/tag/?Station=Vimmerby&ArrDep=departure#stheader,15.858462320723191,57.66303493137932
SE,Västra Ingelstad,https://www.trafikverket.se/trafikinformation/tag/?Station=Västra+Ingelstad&ArrDep=departure#stheader,13.106475463677562,55.491522423556574
SE,Västervik,https://www.trafikverket.se/trafikinformation/tag/?Station=Västervik&ArrDep=departure#stheader,16.64287593474375,57.755631714103885
SE,Vännäs,https://www.trafikverket.se/trafikinformation/tag/?Station=Vännäs&ArrDep=departure#stheader,19.74900555457025,63.91027427264983
SE,Vingåker,https://www.trafikverket.se/trafikinformation/tag/?Station=Vingåker&ArrDep=departure#stheader,15.876508029039424,59.042101762097225
SE,Vislanda,https://www.trafikverket.se/trafikinformation/tag/?Station=Vislanda&ArrDep=departure#stheader,14.45650337604128,56.7886537497031
SE,Vikingstad,https://www.trafikverket.se/trafikinformation/tag/?Station=Vikingstad&ArrDep=departure#stheader,15.432983290791181,58.38348056693227
SE,Virsbo,https://www.trafikverket.se/trafikinformation/tag/?Station=Virsbo&ArrDep=departure#stheader,16.084287791100923,59.87185510640207
SE,Vetlanda,https://www.trafikverket.se/trafikinformation/tag/?Station=Vetlanda&ArrDep=departure#stheader,15.081629041381186,57.425938775894494
SE,Västerås C,https://www.trafikverket.se/trafikinformation/tag/?Station=Västerås+C&ArrDep=departure#stheader,16.552911379860287,59.60769591073906
SE,Värnamo C,https://www.trafikverket.se/trafikinformation/tag/?Station=Värnamo+C&ArrDep=departure#stheader,14.035995977128433,57.18637858374057
SE,Västeraspby,https://www.trafikverket.se/trafikinformation/tag/?Station=Västeraspby&ArrDep=departure#stheader,17.747631393059976,63.05568689338113
SE,Växjö,https://www.trafikverket.se/trafikinformation/tag/?Station=Växjö&ArrDep=departure#stheader,14.805327911132368,56.876666243264395
SE,Vinslöv,https://www.trafikverket.se/trafikinformation/tag/?Station=Vinslöv&ArrDep=departure#stheader,13.916529302443358,56.10492079190115
SE,Ystad,https://www.trafikverket.se/trafikinformation/tag/?Station=Ystad&ArrDep=departure#stheader,13.825460684281875,55.42737200246738
SE,Ytterby,https://www.trafikverket.se/trafikinformation/tag/?Station=Ytterby&ArrDep=departure#stheader,11.917445405767797,57.86230187947601
SE,Årstaberg,https://www.trafikverket.se/trafikinformation/tag/?Station=Årstaberg&ArrDep=departure#stheader,18.0276932034889,59.299416607509116
SE,Ånge,https://www.trafikverket.se/trafikinformation/tag/?Station=Ånge&ArrDep=departure#stheader,15.656838644801514,62.523717791948044
SE,Åkarp,https://www.trafikverket.se/trafikinformation/tag/?Station=Åkarp&ArrDep=departure#stheader,13.108224135451714,55.65729391108841
SE,Åmål,https://www.trafikverket.se/trafikinformation/tag/?Station=Åmål&ArrDep=departure#stheader,12.698337618275307,59.04643940355562
SE,Åstorp,https://www.trafikverket.se/trafikinformation/tag/?Station=Åstorp&ArrDep=departure#stheader,12.951115208937368,56.13330496933936
SE,Åre,https://www.trafikverket.se/trafikinformation/tag/?Station=Åre&ArrDep=departure#stheader,13.074856061224725,63.39939766876253
SE,Åsa,https://www.trafikverket.se/trafikinformation/tag/?Station=Åsa&ArrDep=departure#stheader,12.135074425912562,57.36429860971449
SE,Åmotfors,https://www.trafikverket.se/trafikinformation/tag/?Station=Åmotfors&ArrDep=departure#stheader,12.366380765594853,59.76840495996594
SE,Åtvidaberg,https://www.trafikverket.se/trafikinformation/tag/?Station=Åtvidaberg&ArrDep=departure#stheader,16.002060239419674,58.203647878602695
SE,Ängelsberg,https://www.trafikverket.se/trafikinformation/tag/?Station=Ängelsberg&ArrDep=departure#stheader,16.009245674295116,59.956980776153245
SE,Älmhult,https://www.trafikverket.se/trafikinformation/tag/?Station=Älmhult&ArrDep=departure#stheader,14.136752802019576,56.54996921714299
SE,Älvkarleby,https://www.trafikverket.se/trafikinformation/tag/?Station=Älvkarleby&ArrDep=departure#stheader,17.428060173522205,60.5555296711697
SE,Älvängen,https://www.trafikverket.se/trafikinformation/tag/?Station=Älvängen&ArrDep=departure#stheader,12.106636393581558,57.95440136882938
SE,Älvsjö,https://www.trafikverket.se/trafikinformation/tag/?Station=Älvsjö&ArrDep=departure#stheader,18.011268336683113,59.278590228954045
SE,Älvsbyn,https://www.trafikverket.se/trafikinformation/tag/?Station=Älvsbyn&ArrDep=departure#stheader,20.993326992997314,65.67824820161547
SE,Örtofta,https://www.trafikverket.se/trafikinformation/tag/?Station=Örtofta&ArrDep=departure#stheader,13.242727352797386,55.77846920375023
SE,Örebro S,https://www.trafikverket.se/trafikinformation/tag/?Station=Örebro+S&ArrDep=departure#stheader,15.202467142571425,59.26999255417487
SE,Ödåkra,https://www.trafikverket.se/trafikinformation/tag/?Station=Ödåkra&ArrDep=departure#stheader,12.744451078306733,56.1040912957203
SE,Östra Grevie,https://www.trafikverket.se/trafikinformation/tag/?Station=Östra+Grevie&ArrDep=departure#stheader,13.134462043394073,55.46440567387239
SE,Örbyhus,https://www.trafikverket.se/trafikinformation/tag/?Station=Örbyhus&ArrDep=departure#stheader,17.703482800453173,60.22932527805406
SE,Örnsköldsvik C,https://www.trafikverket.se/trafikinformation/tag/?Station=Örnsköldsvik+C&ArrDep=departure#stheader,18.704691629168106,63.28844767228794
SE,Önnestad,https://www.trafikverket.se/trafikinformation/tag/?Station=Önnestad&ArrDep=departure#stheader,14.01675610431744,56.066691236084544
SE,Örebro C,https://www.trafikverket.se/trafikinformation/tag/?Station=Örebro+C&ArrDep=departure#stheader,15.21095631765789,59.27821400626574
SE,Östersund C,https://www.trafikverket.se/trafikinformation/tag/?Station=Östersund+C&ArrDep=departure#stheader,14.638147570324254,63.17002070259238
SE,Ösmo,https://www.trafikverket.se/trafikinformation/tag/?Station=Ösmo&ArrDep=departure#stheader,17.902643756114923,58.98451424781172
SE,Östertälje,https://www.trafikverket.se/trafikinformation/tag/?Station=Östertälje&ArrDep=departure#stheader,17.658394756891965,59.184989917718966
SE,Öxnered,https://www.trafikverket.se/trafikinformation/tag/?Station=Öxnered&ArrDep=departure#stheader,12.272577373471986,58.35678699686254
SE,Abisko Östra,https://www.trafikverket.se/trafikinformation/tag/?Station=Abisko+Östra&ArrDep=departure#stheader,18.83034620604857,68.34864107860172
SE,Boden C,https://www.trafikverket.se/trafikinformation/tag/?Station=Boden+C&ArrDep=departure#stheader,21.70805332275366,65.82880233539142
SE,Gällivare C,https://www.trafikverket.se/trafikinformation/tag/?Station=Gällivare+C&ArrDep=departure#stheader,20.651074492530242,67.13332488381957
SE,Göteborg C,https://www.trafikverket.se/trafikinformation/tag/?Station=Göteborg+C&ArrDep=departure#stheader,11.973894337655052,57.70890077324153
SE,Karlstad C,https://www.trafikverket.se/trafikinformation/tag/?Station=Karlstad+C&ArrDep=departure#stheader,13.499025358175766,59.37789092716515
SE,Varberg C,https://www.trafikverket.se/trafikinformation/tag/?Station=Varberg+C&ArrDep=departure#stheader,12.24959250253579,57.112653609535414
SE,Alvesta,https://www.trafikverket.se/trafikinformation/tag/?Station=Alvesta&ArrDep=departure#stheader,14.556191756663194,56.89802192793569
SE,Ängelholm,https://www.trafikverket.se/trafikinformation/tag/?Station=Ängelholm&ArrDep=departure#stheader,12.853840868523863,56.24579975564964
SE,Barkarby,https://www.trafikverket.se/trafikinformation/tag/?Station=Barkarby&ArrDep=departure#stheader,17.863678328010483,59.40544641022305
SE,Hässleholm,https://www.trafikverket.se/trafikinformation/tag/?Station=Hässleholm&ArrDep=departure#stheader,13.76320716790886,56.157905938218114
SE,Arbrå,https://www.trafikverket.se/trafikinformation/tag/?Station=Arbrå&ArrDep=departure#stheader,16.379834602609762,61.47103478880923
SE,Avesta centrum,https://www.trafikverket.se/trafikinformation/tag/?Station=Avesta+centrum&ArrDep=departure#stheader,16.170606923162723,60.14729303062647
SE,Arvidsjaur,https://www.trafikverket.se/trafikinformation/tag/?Station=Arvidsjaur&ArrDep=departure#stheader,19.168451944017022,65.5887057518446
SE,Abisko turiststation,https://www.trafikverket.se/trafikinformation/tag/?Station=Abisko+turiststation&ArrDep=departure#stheader,18.78326034400672,68.35731623870603
SE,Astrid Lindgrens värld,https://www.trafikverket.se/trafikinformation/tag/?Station=Astrid+Lindgrens+värld&ArrDep=departure#stheader,15.840063935575104,57.67270729348377
SE,Assberg,https://www.trafikverket.se/trafikinformation/tag/?Station=Assberg&ArrDep=departure#stheader,12.668601515725362,57.494351719283884
SE,Auktsjaur,https://www.trafikverket.se/trafikinformation/tag/?Station=Auktsjaur&ArrDep=departure#stheader,19.39392890756129,65.73868141826912
SE,Avaviken,https://www.trafikverket.se/trafikinformation/tag/?Station=Avaviken&ArrDep=departure#stheader,18.650923712882193,65.60511982781921
SE,Bredaryd,https://www.trafikverket.se/trafikinformation/tag/?Station=Bredaryd&ArrDep=departure#stheader,13.737651001242915,57.17653675491518
SE,Billingsfors,https://www.trafikverket.se/trafikinformation/tag/?Station=Billingsfors&ArrDep=departure#stheader,12.249669567423894,58.981964374143594
SE,Berghem,https://www.trafikverket.se/trafikinformation/tag/?Station=Berghem&ArrDep=departure#stheader,12.598364439770151,57.46703679090137
SE,Björketorp,https://www.trafikverket.se/trafikinformation/tag/?Station=Björketorp&ArrDep=departure#stheader,12.523944486704154,57.42792596581167
SE,Björköby,https://www.trafikverket.se/trafikinformation/tag/?Station=Björköby&ArrDep=departure#stheader,14.910562147983748,57.52105246682675
SE,Blomberg,https://www.trafikverket.se/trafikinformation/tag/?Station=Blomberg&ArrDep=departure#stheader,13.320520270295415,58.540152709739694
SE,Blattnicksele,https://www.trafikverket.se/trafikinformation/tag/?Station=Blattnicksele&ArrDep=departure#stheader,17.589835922847705,65.34475583183236
SE,Borgstena,https://www.trafikverket.se/trafikinformation/tag/?Station=Borgstena&ArrDep=departure#stheader,13.014832913134518,57.882975228630656
SE,Bollebygd,https://www.trafikverket.se/trafikinformation/tag/?Station=Bollebygd&ArrDep=departure#stheader,12.570010921879447,57.66753050147015
SE,Brinellskolan,https://www.trafikverket.se/trafikinformation/tag/?Station=Brinellskolan&ArrDep=departure#stheader,14.700936310345682,57.66942027248126
SE,Bredsjö,https://www.trafikverket.se/trafikinformation/tag/?Station=Bredsjö&ArrDep=departure#stheader,14.726917948667824,59.832034173174506
SE,Bastuträsk,https://www.trafikverket.se/trafikinformation/tag/?Station=Bastuträsk&ArrDep=departure#stheader,20.041511410828257,64.78903850203132
SE,Basthagen,https://www.trafikverket.se/trafikinformation/tag/?Station=Basthagen&ArrDep=departure#stheader,15.974171177448884,58.205498480931126
SE,Brunsberg,https://www.trafikverket.se/trafikinformation/tag/?Station=Brunsberg&ArrDep=departure#stheader,12.961313392028154,59.617628283344004
SE,Buresjön,https://www.trafikverket.se/trafikinformation/tag/?Station=Buresjön&ArrDep=departure#stheader,17.853017595810684,65.55365737624814
SE,Buterud,https://www.trafikverket.se/trafikinformation/tag/?Station=Buterud&ArrDep=departure#stheader,12.40025624155568,58.85311314468754
SE,Bergåsa,https://www.trafikverket.se/trafikinformation/tag/?Station=Bergåsa&ArrDep=departure#stheader,15.600635379910093,56.18181708835585
SE,Derome,https://www.trafikverket.se/trafikinformation/tag/?Station=Derome&ArrDep=departure#stheader,12.320145345189946,57.23055867288792
SE,Dorotea camping,https://www.trafikverket.se/trafikinformation/tag/?Station=Dorotea+camping&ArrDep=departure#stheader,16.39005668323118,64.25634506642115
SE,Djurås,https://www.trafikverket.se/trafikinformation/tag/?Station=Djurås&ArrDep=departure#stheader,15.138550056678595,60.56008288993532
SE,Edsbjörke,https://www.trafikverket.se/trafikinformation/tag/?Station=Edsbjörke&ArrDep=departure#stheader,13.170993163808511,59.901252467028556
SE,Ed,https://www.trafikverket.se/trafikinformation/tag/?Station=Ed&ArrDep=departure#stheader,11.932872319348416,58.913489996374764
SE,Erikslund,https://www.trafikverket.se/trafikinformation/tag/?Station=Erikslund&ArrDep=departure#stheader,15.91255968003242,62.52738966956905
SE,Ekenässjön,https://www.trafikverket.se/trafikinformation/tag/?Station=Ekenässjön&ArrDep=departure#stheader,15.01891689586046,57.49050541530637
SE,Framnäs city,https://www.trafikverket.se/trafikinformation/tag/?Station=Framnäs+city&ArrDep=departure#stheader,13.147312230478954,58.50771209342157
SE,Fågelsjö,https://www.trafikverket.se/trafikinformation/tag/?Station=Fågelsjö&ArrDep=departure#stheader,14.682078451128453,61.80160456772744
SE,Fagerås,https://www.trafikverket.se/trafikinformation/tag/?Station=Fagerås&ArrDep=departure#stheader,13.218175040634423,59.519777445620655
SE,Filsbäck,https://www.trafikverket.se/trafikinformation/tag/?Station=Filsbäck&ArrDep=departure#stheader,13.247201097198607,58.49316981369414
SE,Fjällåsen,https://www.trafikverket.se/trafikinformation/tag/?Station=Fjällåsen&ArrDep=departure#stheader,20.09370319934434,67.51935696765999
SE,Fjälkinge,https://www.trafikverket.se/trafikinformation/tag/?Station=Fjälkinge&ArrDep=departure#stheader,14.298079208949869,56.04144049482891
SE,Fåker,https://www.trafikverket.se/trafikinformation/tag/?Station=Fåker&ArrDep=departure#stheader,14.574392592815508,62.9932005922291
SE,Friluftsgården,https://www.trafikverket.se/trafikinformation/tag/?Station=Friluftsgården&ArrDep=departure#stheader,12.251632079769491,58.950781333259634
SE,Forsheda,https://www.trafikverket.se/trafikinformation/tag/?Station=Forsheda&ArrDep=departure#stheader,13.83291750067223,57.16327296353125
SE,Fritsla,https://www.trafikverket.se/trafikinformation/tag/?Station=Fritsla&ArrDep=departure#stheader,12.789767529816547,57.55774302847618
SE,Frykåsen,https://www.trafikverket.se/trafikinformation/tag/?Station=Frykåsen&ArrDep=departure#stheader,13.184790824569145,59.626456226794794
SE,Fors,https://www.trafikverket.se/trafikinformation/tag/?Station=Fors&ArrDep=departure#stheader,16.311520692569434,60.2064994803262
SE,Furulund,https://www.trafikverket.se/trafikinformation/tag/?Station=Furulund&ArrDep=departure#stheader,13.097179190413806,55.7750887238121
SE,Gantofta,https://www.trafikverket.se/trafikinformation/tag/?Station=Gantofta&ArrDep=departure#stheader,12.809001245833848,55.989045609693264
SE,Gröndalsviken,https://www.trafikverket.se/trafikinformation/tag/?Station=Gröndalsviken&ArrDep=departure#stheader,17.931729023284618,58.899253200245305
SE,Grythyttan,https://www.trafikverket.se/trafikinformation/tag/?Station=Grythyttan&ArrDep=departure#stheader,14.530485432318189,59.703842277153804
SE,Gnarp,https://www.trafikverket.se/trafikinformation/tag/?Station=Gnarp&ArrDep=departure#stheader,17.24291831283212,62.05535072716314
SE,Geogr. Polcirkeln,https://www.trafikverket.se/trafikinformation/tag/?Station=Geogr.+Polcirkeln&ArrDep=departure#stheader,19.912261569625304,66.55331600654556
SE,Häggenås,https://www.trafikverket.se/trafikinformation/tag/?Station=Häggenås&ArrDep=departure#stheader,14.8792184258663,63.38587369148506
SE,Hackås,https://www.trafikverket.se/trafikinformation/tag/?Station=Hackås&ArrDep=departure#stheader,14.522167624009853,62.924200504150136
SE,Hällefors,https://www.trafikverket.se/trafikinformation/tag/?Station=Hällefors&ArrDep=departure#stheader,14.518050014736462,59.777745668589134
SE,Hällekis,https://www.trafikverket.se/trafikinformation/tag/?Station=Hällekis&ArrDep=departure#stheader,13.433023579459762,58.63005479155737
SE,Horndals Bruk,https://www.trafikverket.se/trafikinformation/tag/?Station=Horndals+Bruk&ArrDep=departure#stheader,16.413462309680018,60.29611740105862
SE,Hällnäs,https://www.trafikverket.se/trafikinformation/tag/?Station=Hällnäs&ArrDep=departure#stheader,19.625887577732843,64.30547419451263
SE,Hällevadsholm,https://www.trafikverket.se/trafikinformation/tag/?Station=Hällevadsholm&ArrDep=departure#stheader,11.535223782978088,58.58000966786598
SE,Hok,https://www.trafikverket.se/trafikinformation/tag/?Station=Hok&ArrDep=departure#stheader,14.274726036862331,57.51413175686369
SE,Hova,https://www.trafikverket.se/trafikinformation/tag/?Station=Hova&ArrDep=departure#stheader,14.215176177279048,58.854777415109545
SE,Hasslerör,https://www.trafikverket.se/trafikinformation/tag/?Station=Hasslerör&ArrDep=departure#stheader,13.939539496547415,58.750193686974846
SE,Hoting,https://www.trafikverket.se/trafikinformation/tag/?Station=Hoting&ArrDep=departure#stheader,16.199109604163343,64.11559302507804
SE,Husum,https://www.trafikverket.se/trafikinformation/tag/?Station=Husum&ArrDep=departure#stheader,19.15671210062967,63.344363899121824
SE,Håverud,https://www.trafikverket.se/trafikinformation/tag/?Station=Håverud&ArrDep=departure#stheader,12.412909595777688,58.82459693872919
SE,Hovslätt,https://www.trafikverket.se/trafikinformation/tag/?Station=Hovslätt&ArrDep=departure#stheader,14.123948480371501,57.73488563187977
SE,Heby,https://www.trafikverket.se/trafikinformation/tag/?Station=Heby&ArrDep=departure#stheader,16.853164744942234,59.940434493215314
SE,Hörnefors,https://www.trafikverket.se/trafikinformation/tag/?Station=Hörnefors&ArrDep=departure#stheader,19.912342854331154,63.63300132670647
SE,Högsby,https://www.trafikverket.se/trafikinformation/tag/?Station=Högsby&ArrDep=departure#stheader,16.02746456741252,57.165850289160375
SE,Iggesund,https://www.trafikverket.se/trafikinformation/tag/?Station=Iggesund&ArrDep=departure#stheader,17.08136441768462,61.64478750986341
SE,Jokkmokk,https://www.trafikverket.se/trafikinformation/tag/?Station=Jokkmokk&ArrDep=departure#stheader,19.840095027356526,66.60709505524483
SE,Jamtli,https://www.trafikverket.se/trafikinformation/tag/?Station=Jamtli&ArrDep=departure#stheader,14.631637633372126,63.18694908727409
SE,Järpen,https://www.trafikverket.se/trafikinformation/tag/?Station=Järpen&ArrDep=departure#stheader,13.472155579188211,63.34240277067968
SE,Järpås,https://www.trafikverket.se/trafikinformation/tag/?Station=Järpås&ArrDep=departure#stheader,12.969950488290149,58.37898394216304
SE,Järvsö,https://www.trafikverket.se/trafikinformation/tag/?Station=Järvsö&ArrDep=departure#stheader,16.172093548304808,61.71569442848653
SE,Jörn,https://www.trafikverket.se/trafikinformation/tag/?Station=Jörn&ArrDep=departure#stheader,20.029360440856387,65.05332357880235
SE,Jämtlands Sikås,https://www.trafikverket.se/trafikinformation/tag/?Station=Jämtlands+Sikås&ArrDep=departure#stheader,15.206458409193957,63.626198189429466
SE,Karbenning,https://www.trafikverket.se/trafikinformation/tag/?Station=Karbenning&ArrDep=departure#stheader,16.073212670355755,60.03683857169052
SE,Kinnared,https://www.trafikverket.se/trafikinformation/tag/?Station=Kinnared&ArrDep=departure#stheader,13.107056272057495,57.02522092003518
SE,Kinna,https://www.trafikverket.se/trafikinformation/tag/?Station=Kinna&ArrDep=departure#stheader,12.697446486245802,57.50564669743882
SE,Katterjåkk,https://www.trafikverket.se/trafikinformation/tag/?Station=Katterjåkk&ArrDep=departure#stheader,18.160849117159515,68.42015762305317
SE,Källby,https://www.trafikverket.se/trafikinformation/tag/?Station=Källby&ArrDep=departure#stheader,13.301883871584824,58.51056882529373
SE,Kalix Västra,https://www.trafikverket.se/trafikinformation/tag/?Station=Kalix+Västra&ArrDep=departure#stheader,23.14306886467515,65.86487409316338
SE,Kiruna,https://www.trafikverket.se/trafikinformation/tag/?Station=Kiruna&ArrDep=departure#stheader,20.19923060497596,67.86826320316291
SE,Knalleland,https://www.trafikverket.se/trafikinformation/tag/?Station=Knalleland&ArrDep=departure#stheader,12.942554103162173,57.734059829132484
SE,Kolsnäs,https://www.trafikverket.se/trafikinformation/tag/?Station=Kolsnäs&ArrDep=departure#stheader,13.140935191422752,59.825780015443385
SE,Kramfors,https://www.trafikverket.se/trafikinformation/tag/?Station=Kramfors&ArrDep=departure#stheader,17.778236837037646,62.92901612202705
SE,Krokom,https://www.trafikverket.se/trafikinformation/tag/?Station=Krokom&ArrDep=departure#stheader,14.447974654317017,63.32597268864727
SE,Kvicksund,https://www.trafikverket.se/trafikinformation/tag/?Station=Kvicksund&ArrDep=departure#stheader,16.320647945912867,59.45077467715711
SE,Kaitum,https://www.trafikverket.se/trafikinformation/tag/?Station=Kaitum&ArrDep=departure#stheader,20.103269072889017,67.54257738953389
SE,Välsviken,https://www.trafikverket.se/trafikinformation/tag/?Station=Välsviken&ArrDep=departure#stheader,13.582080612379423,59.3911336347813
SE,Kvarnsjö,https://www.trafikverket.se/trafikinformation/tag/?Station=Kvarnsjö&ArrDep=departure#stheader,14.372482887323056,62.56592387070555
SE,Kåbdalis,https://www.trafikverket.se/trafikinformation/tag/?Station=Kåbdalis&ArrDep=departure#stheader,19.98872198397923,66.15278823127798
SE,Köpingebro,https://www.trafikverket.se/trafikinformation/tag/?Station=Köpingebro&ArrDep=departure#stheader,13.93312038837748,55.45612497859328
SE,Lene,https://www.trafikverket.se/trafikinformation/tag/?Station=Lene&ArrDep=departure#stheader,13.12072841208978,59.54409389578651
SE,Långbron,https://www.trafikverket.se/trafikinformation/tag/?Station=Långbron&ArrDep=departure#stheader,12.27992409740736,58.93645459437499
SE,Lillhamra,https://www.trafikverket.se/trafikinformation/tag/?Station=Lillhamra&ArrDep=departure#stheader,14.795872638091325,61.64161763792471
SE,Lit,https://www.trafikverket.se/trafikinformation/tag/?Station=Lit&ArrDep=departure#stheader,14.856726724178714,63.31839790768452
SE,Ljungaverk,https://www.trafikverket.se/trafikinformation/tag/?Station=Ljungaverk&ArrDep=departure#stheader,16.067429929363527,62.495583041305416
SE,Lomma,https://www.trafikverket.se/trafikinformation/tag/?Station=Lomma&ArrDep=departure#stheader,13.07439071453237,55.67099445797378
SE,Lugnås,https://www.trafikverket.se/trafikinformation/tag/?Station=Lugnås&ArrDep=departure#stheader,13.701910351108674,58.644303583312144
SE,Ljusne,https://www.trafikverket.se/trafikinformation/tag/?Station=Ljusne&ArrDep=departure#stheader,17.111846817549463,61.212611845129615
SE,Lunnarp,https://www.trafikverket.se/trafikinformation/tag/?Station=Lunnarp&ArrDep=departure#stheader,14.042069916202044,55.541083383283706
SE,Lovene,https://www.trafikverket.se/trafikinformation/tag/?Station=Lovene&ArrDep=departure#stheader,13.046556412335189,58.44022344760025
SE,Lyrestad,https://www.trafikverket.se/trafikinformation/tag/?Station=Lyrestad&ArrDep=departure#stheader,14.056575782772041,58.804938335110215
SE,Lysvik,https://www.trafikverket.se/trafikinformation/tag/?Station=Lysvik&ArrDep=departure#stheader,13.137782991469907,60.01595053415916
SE,Låktatjåkka,https://www.trafikverket.se/trafikinformation/tag/?Station=Låktatjåkka&ArrDep=departure#stheader,18.32474220235516,68.42368660216846
SE,Lövberga,https://www.trafikverket.se/trafikinformation/tag/?Station=Lövberga&ArrDep=departure#stheader,15.852410653604295,63.96127509083416
SE,Marieholm,https://www.trafikverket.se/trafikinformation/tag/?Station=Marieholm&ArrDep=departure#stheader,13.155793021644705,55.864800017737814
SE,Malmbäck,https://www.trafikverket.se/trafikinformation/tag/?Station=Malmbäck&ArrDep=departure#stheader,14.460424887392808,57.57799621330004
SE,Munkflohögen,https://www.trafikverket.se/trafikinformation/tag/?Station=Munkflohögen&ArrDep=departure#stheader,14.948973098672193,63.560087362146575
SE,Mörsil,https://www.trafikverket.se/trafikinformation/tag/?Station=Mörsil&ArrDep=departure#stheader,13.657733726101654,63.308534563145066
SE,Murjek,https://www.trafikverket.se/trafikinformation/tag/?Station=Murjek&ArrDep=departure#stheader,20.88074980474835,66.48412916926213
SE,Meselefors,https://www.trafikverket.se/trafikinformation/tag/?Station=Meselefors&ArrDep=departure#stheader,16.816720381933315,64.44300745888233
SE,Moskosel,https://www.trafikverket.se/trafikinformation/tag/?Station=Moskosel&ArrDep=departure#stheader,19.42657861095295,65.88241661672001
SE,Mollaryd,https://www.trafikverket.se/trafikinformation/tag/?Station=Mollaryd&ArrDep=departure#stheader,13.022665299057794,57.906214663951225
SE,Persborg,https://www.trafikverket.se/trafikinformation/tag/?Station=Persborg&ArrDep=departure#stheader,13.029363539711436,55.580630140402256
SE,Morastrand,https://www.trafikverket.se/trafikinformation/tag/?Station=Morastrand&ArrDep=departure#stheader,14.542635658367288,61.00487775502022
SE,Mora lasarett,https://www.trafikverket.se/trafikinformation/tag/?Station=Mora+lasarett&ArrDep=departure#stheader,14.581081754696825,61.01605454582446
SE,Mellansel,https://www.trafikverket.se/trafikinformation/tag/?Station=Mellansel&ArrDep=departure#stheader,18.306727810185112,63.42823543202523
SE,Nässundet,https://www.trafikverket.se/trafikinformation/tag/?Station=Nässundet&ArrDep=departure#stheader,14.234599395223501,59.438503611601135
SE,Norrahammar,https://www.trafikverket.se/trafikinformation/tag/?Station=Norrahammar&ArrDep=departure#stheader,14.115808971650175,57.7043500537164
SE,Njurundabommen,https://www.trafikverket.se/trafikinformation/tag/?Station=Njurundabommen&ArrDep=departure#stheader,17.377428445570636,62.267506871008635
SE,Nyköping C,https://www.trafikverket.se/trafikinformation/tag/?Station=Nyköping+C&ArrDep=departure#stheader,16.99708492727269,58.75661275152196
SE,Nykroppa,https://www.trafikverket.se/trafikinformation/tag/?Station=Nykroppa&ArrDep=departure#stheader,14.308436049900562,59.62248017198522
SE,Nattavaara,https://www.trafikverket.se/trafikinformation/tag/?Station=Nattavaara&ArrDep=departure#stheader,20.950092885180137,66.75427980879321
SE,Nälden,https://www.trafikverket.se/trafikinformation/tag/?Station=Nälden&ArrDep=departure#stheader,14.26305805346487,63.35060903463741
SE,Oleby,https://www.trafikverket.se/trafikinformation/tag/?Station=Oleby&ArrDep=departure#stheader,13.03855607651037,60.12986766278478
SE,Oskarström,https://www.trafikverket.se/trafikinformation/tag/?Station=Oskarström&ArrDep=departure#stheader,12.97198414273982,56.80650084769858
SE,Orsa,https://www.trafikverket.se/trafikinformation/tag/?Station=Orsa&ArrDep=departure#stheader,14.621142287608683,61.11908685468967
SE,Ormaryd,https://www.trafikverket.se/trafikinformation/tag/?Station=Ormaryd&ArrDep=departure#stheader,14.831425649007558,57.66563719874962
SE,Ottebol,https://www.trafikverket.se/trafikinformation/tag/?Station=Ottebol&ArrDep=departure#stheader,12.461594086721338,59.69797589834614
SE,Oxie,https://www.trafikverket.se/trafikinformation/tag/?Station=Oxie&ArrDep=departure#stheader,13.096284039281928,55.54164906101087
SE,Porjus,https://www.trafikverket.se/trafikinformation/tag/?Station=Porjus&ArrDep=departure#stheader,19.829651900376977,66.96614637535781
SE,Pilgrimstad,https://www.trafikverket.se/trafikinformation/tag/?Station=Pilgrimstad&ArrDep=departure#stheader,15.040389860561229,62.95497212304436
SE,Rabbalshede,https://www.trafikverket.se/trafikinformation/tag/?Station=Rabbalshede&ArrDep=departure#stheader,11.47071159264034,58.61010065846291
SE,Råbäck,https://www.trafikverket.se/trafikinformation/tag/?Station=Råbäck&ArrDep=departure#stheader,13.376620110433942,58.61060820646763
SE,Reftele,https://www.trafikverket.se/trafikinformation/tag/?Station=Reftele&ArrDep=departure#stheader,13.593496713664106,57.17592051377698
SE,Riksgränsen,https://www.trafikverket.se/trafikinformation/tag/?Station=Riksgränsen&ArrDep=departure#stheader,18.118696891520287,68.42719823940931
SE,Röjan,https://www.trafikverket.se/trafikinformation/tag/?Station=Röjan&ArrDep=departure#stheader,14.359231424695329,62.47920736350295
SE,Rocksjön,https://www.trafikverket.se/trafikinformation/tag/?Station=Rocksjön&ArrDep=departure#stheader,14.19818248077169,57.77503624482585
SE,Ramnäs,https://www.trafikverket.se/trafikinformation/tag/?Station=Ramnäs&ArrDep=departure#stheader,16.207883189630063,59.76977621796614
SE,Rosengård,https://www.trafikverket.se/trafikinformation/tag/?Station=Rosengård&ArrDep=departure#stheader,13.03083413608268,55.58896718612065
SE,Ransta,https://www.trafikverket.se/trafikinformation/tag/?Station=Ransta&ArrDep=departure#stheader,16.639952251610964,59.81019145795508
SE,Rottneros,https://www.trafikverket.se/trafikinformation/tag/?Station=Rottneros&ArrDep=departure#stheader,13.128730802249159,59.79496980151693
SE,Rörstorp,https://www.trafikverket.se/trafikinformation/tag/?Station=Rörstorp&ArrDep=departure#stheader,14.064114607453314,57.17230722814644
SE,Sveg,https://www.trafikverket.se/trafikinformation/tag/?Station=Sveg&ArrDep=departure#stheader,14.352013939579798,62.034465791791
SE,Sannarp,https://www.trafikverket.se/trafikinformation/tag/?Station=Sannarp&ArrDep=departure#stheader,12.893372365122802,56.68643554558192
SE,Stockholm City,https://www.trafikverket.se/trafikinformation/tag/?Station=Stockholm+City&ArrDep=departure#stheader,18.064852006540633,59.332371649822775
SE,Sandsjönäs,https://www.trafikverket.se/trafikinformation/tag/?Station=Sandsjönäs&ArrDep=departure#stheader,17.66357833764843,65.24325084981692
SE,Smedby,https://www.trafikverket.se/trafikinformation/tag/?Station=Smedby&ArrDep=departure#stheader,16.233273800531975,56.677593115805514
SE,Storfors,https://www.trafikverket.se/trafikinformation/tag/?Station=Storfors&ArrDep=departure#stheader,14.271725903890204,59.533027207869246
SE,Strängnäs,https://www.trafikverket.se/trafikinformation/tag/?Station=Strängnäs&ArrDep=departure#stheader,17.02820658281705,59.37029996314619
SE,Slagnäs,https://www.trafikverket.se/trafikinformation/tag/?Station=Slagnäs&ArrDep=departure#stheader,18.157902901306517,65.58590556440757
SE,Simrishamn,https://www.trafikverket.se/trafikinformation/tag/?Station=Simrishamn&ArrDep=departure#stheader,14.35107408641792,55.55363173220917
SE,Sikfors,https://www.trafikverket.se/trafikinformation/tag/?Station=Sikfors&ArrDep=departure#stheader,14.583740186452381,59.80701024037495
SE,Sjisjka,https://www.trafikverket.se/trafikinformation/tag/?Station=Sjisjka&ArrDep=departure#stheader,20.2345290755169,67.62588959607346
SE,Skinnskatteberg,https://www.trafikverket.se/trafikinformation/tag/?Station=Skinnskatteberg&ArrDep=departure#stheader,15.691598691676072,59.83261998709207
SE,Skållerud,https://www.trafikverket.se/trafikinformation/tag/?Station=Skållerud&ArrDep=departure#stheader,12.418609398014233,58.78080067039508
SE,Strömstad,https://www.trafikverket.se/trafikinformation/tag/?Station=Strömstad&ArrDep=departure#stheader,11.1733627536841,58.936535602410196
SE,Smedstorp,https://www.trafikverket.se/trafikinformation/tag/?Station=Smedstorp&ArrDep=departure#stheader,14.117551754495572,55.54953991539265
SE,Stensjön,https://www.trafikverket.se/trafikinformation/tag/?Station=Stensjön&ArrDep=departure#stheader,14.82373258840438,57.58252859831974
SE,Stockholm Odenplan,https://www.trafikverket.se/trafikinformation/tag/?Station=Stockholm+Odenplan&ArrDep=departure#stheader,18.045144897000565,59.34444414975179
SE,Storå,https://www.trafikverket.se/trafikinformation/tag/?Station=Storå&ArrDep=departure#stheader,15.143318174845568,59.7133676021689
SE,Söderbärke,https://www.trafikverket.se/trafikinformation/tag/?Station=Söderbärke&ArrDep=departure#stheader,15.537110648584155,60.07249257731361
SE,Sörtjärn,https://www.trafikverket.se/trafikinformation/tag/?Station=Sörtjärn&ArrDep=departure#stheader,14.629719282878943,62.34274393128013
SE,Sorsele,https://www.trafikverket.se/trafikinformation/tag/?Station=Sorsele&ArrDep=departure#stheader,17.542801291574467,65.53503777304022
SE,Svarte,https://www.trafikverket.se/trafikinformation/tag/?Station=Svarte&ArrDep=departure#stheader,13.717903248324031,55.42854773770947
SE,Stjerneskolan,https://www.trafikverket.se/trafikinformation/tag/?Station=Stjerneskolan&ArrDep=departure#stheader,13.011138215855432,60.13906915135782
SE,Stora Levene,https://www.trafikverket.se/trafikinformation/tag/?Station=Stora+Levene&ArrDep=departure#stheader,12.925755794513773,58.32592468716739
SE,Stavre,https://www.trafikverket.se/trafikinformation/tag/?Station=Stavre&ArrDep=departure#stheader,15.311813893230353,62.826104601928584
SE,Storuman,https://www.trafikverket.se/trafikinformation/tag/?Station=Storuman&ArrDep=departure#stheader,17.1098714476285,65.09595269773756
SE,Svenstavik centrum,https://www.trafikverket.se/trafikinformation/tag/?Station=Svenstavik+centrum&ArrDep=departure#stheader,14.435763728192454,62.76729089732307
SE,Taberg,https://www.trafikverket.se/trafikinformation/tag/?Station=Taberg&ArrDep=departure#stheader,14.086971308879273,57.67867862020608
SE,Tandsbyn,https://www.trafikverket.se/trafikinformation/tag/?Station=Tandsbyn&ArrDep=departure#stheader,14.744031391361103,62.99873429853641
SE,Tågarp,https://www.trafikverket.se/trafikinformation/tag/?Station=Tågarp&ArrDep=departure#stheader,12.947381474494927,55.927403257132056
SE,Tjustskolan,https://www.trafikverket.se/trafikinformation/tag/?Station=Tjustskolan&ArrDep=departure#stheader,16.630536141282285,57.75293422451255
SE,Tolita,https://www.trafikverket.se/trafikinformation/tag/?Station=Tolita&ArrDep=departure#stheader,13.240058012939187,59.577782695902165
SE,Tannefors,https://www.trafikverket.se/trafikinformation/tag/?Station=Tannefors&ArrDep=departure#stheader,15.660269509056324,58.40041137301852
SE,Tofta,https://www.trafikverket.se/trafikinformation/tag/?Station=Tofta&ArrDep=departure#stheader,12.300448168797466,57.17332785465741
SE,Torpåkra,https://www.trafikverket.se/trafikinformation/tag/?Station=Torpåkra&ArrDep=departure#stheader,13.029488470396844,57.940650408048626
SE,Torup,https://www.trafikverket.se/trafikinformation/tag/?Station=Torup&ArrDep=departure#stheader,13.079549897205801,56.957617015536854
SE,Torsby,https://www.trafikverket.se/trafikinformation/tag/?Station=Torsby&ArrDep=departure#stheader,13.002740093936596,60.136490710227406
SE,Trolmen,https://www.trafikverket.se/trafikinformation/tag/?Station=Trolmen&ArrDep=departure#stheader,13.347926919438361,58.59482810572257
SE,Tisselskog,https://www.trafikverket.se/trafikinformation/tag/?Station=Tisselskog&ArrDep=departure#stheader,12.385624992544514,58.89719548242004
SE,Torsåker,https://www.trafikverket.se/trafikinformation/tag/?Station=Torsåker&ArrDep=departure#stheader,16.490255778108494,60.5145853452812
SE,Torved,https://www.trafikverket.se/trafikinformation/tag/?Station=Torved&ArrDep=departure#stheader,14.100594317044886,58.82626908299133
SE,Tvärålund,https://www.trafikverket.se/trafikinformation/tag/?Station=Tvärålund&ArrDep=departure#stheader,19.677608475363137,64.09966412842248
SE,Ulriksfors,https://www.trafikverket.se/trafikinformation/tag/?Station=Ulriksfors&ArrDep=departure#stheader,15.620817298222715,63.832312196772044
SE,Uddevalla Ö,https://www.trafikverket.se/trafikinformation/tag/?Station=Uddevalla+Ö&ArrDep=departure#stheader,11.945058013521635,58.35035571312172
SE,Vad,https://www.trafikverket.se/trafikinformation/tag/?Station=Vad&ArrDep=departure#stheader,15.641570819305747,60.032364868527566
SE,Varjisträsk,https://www.trafikverket.se/trafikinformation/tag/?Station=Varjisträsk&ArrDep=departure#stheader,19.52986991709359,66.04456839883731
SE,Vännäsby,https://www.trafikverket.se/trafikinformation/tag/?Station=Vännäsby&ArrDep=departure#stheader,19.817416122085973,63.91522320779605
SE,Vindeln,https://www.trafikverket.se/trafikinformation/tag/?Station=Vindeln&ArrDep=departure#stheader,19.713976860918926,64.20409933809053
SE,Viskafors,https://www.trafikverket.se/trafikinformation/tag/?Station=Viskafors&ArrDep=departure#stheader,12.845120862918428,57.62927077838548
SE,Vassijaure,https://www.trafikverket.se/trafikinformation/tag/?Station=Vassijaure&ArrDep=departure#stheader,18.257670037208403,68.42957731004088
SE,Vojmån,https://www.trafikverket.se/trafikinformation/tag/?Station=Vojmån&ArrDep=departure#stheader,16.816545292492172,64.7918482884065
SE,Vallsta,https://www.trafikverket.se/trafikinformation/tag/?Station=Vallsta&ArrDep=departure#stheader,16.3674812558465,61.51806368831272
SE,Vilhelmina,https://www.trafikverket.se/trafikinformation/tag/?Station=Vilhelmina&ArrDep=departure#stheader,16.651389771979574,64.62297316306872
SE,Vilhelmina norra,https://www.trafikverket.se/trafikinformation/tag/?Station=Vilhelmina+norra&ArrDep=departure#stheader,16.6136016106597,64.6463948814199
SE,Vittsjö,https://www.trafikverket.se/trafikinformation/tag/?Station=Vittsjö&ArrDep=departure#stheader,13.66298861461719,56.342332379869774
SE,Vattnäs,https://www.trafikverket.se/trafikinformation/tag/?Station=Vattnäs&ArrDep=departure#stheader,14.597827356863823,61.049341970048744
SE,Vallåkra,https://www.trafikverket.se/trafikinformation/tag/?Station=Vallåkra&ArrDep=departure#stheader,12.862229972411118,55.96382723855932
SE,Västra Ämtervik,https://www.trafikverket.se/trafikinformation/tag/?Station=Västra+Ämtervik&ArrDep=departure#stheader,13.147127402443262,59.72774026630841
SE,Ytterhogdal,https://www.trafikverket.se/trafikinformation/tag/?Station=Ytterhogdal&ArrDep=departure#stheader,14.855394829241822,62.19728850939609
SE,Åsensbruk,https://www.trafikverket.se/trafikinformation/tag/?Station=Åsensbruk&ArrDep=departure#stheader,12.425564206884474,58.80535233024921
SE,Ånn,https://www.trafikverket.se/trafikinformation/tag/?Station=Ånn&ArrDep=departure#stheader,12.53902145285478,63.3213522867846
SE,Ås,https://www.trafikverket.se/trafikinformation/tag/?Station=Ås&ArrDep=departure#stheader,12.342419957764,59.85732523773935
SE,Åsarna C,https://www.trafikverket.se/trafikinformation/tag/?Station=Åsarna+C&ArrDep=departure#stheader,14.37451195370496,62.647139726410465
SE,Åsarna S,https://www.trafikverket.se/trafikinformation/tag/?Station=Åsarna+S&ArrDep=departure#stheader,14.371992624978386,62.64081829749151
SE,Älvho,https://www.trafikverket.se/trafikinformation/tag/?Station=Älvho&ArrDep=departure#stheader,14.74733745115144,61.497955387255935
SE,Äskekärr,https://www.trafikverket.se/trafikinformation/tag/?Station=Äskekärr&ArrDep=departure#stheader,13.608936206444254,58.62605901534645
SE,Överhogdal,https://www.trafikverket.se/trafikinformation/tag/?Station=Överhogdal&ArrDep=departure#stheader,14.797685853245492,62.277922247592244
SE,Öjervik,https://www.trafikverket.se/trafikinformation/tag/?Station=Öjervik&ArrDep=departure#stheader,13.122478344754644,59.77366534784403
SE,Örnsköldsvik N,https://www.trafikverket.se/trafikinformation/tag/?Station=Örnsköldsvik+N&ArrDep=departure#stheader,18.724879359227323,63.30609083113441
SE,Örsjö,https://www.trafikverket.se/trafikinformation/tag/?Station=Örsjö&ArrDep=departure#stheader,15.749782001699135,56.696727754409416
SE,Östersund V,https://www.trafikverket.se/trafikinformation/tag/?Station=Östersund+V&ArrDep=departure#stheader,14.631148524129708,63.17853809190432
SE,Överby,https://www.trafikverket.se/trafikinformation/tag/?Station=Överby&ArrDep=departure#stheader,11.260022078011442,58.84355703625765
SE,Överums Bruk,https://www.trafikverket.se/trafikinformation/tag/?Station=Överums+Bruk&ArrDep=departure#stheader,16.319502282870303,57.98975197748127
SE,Östervärn,https://www.trafikverket.se/trafikinformation/tag/?Station=Östervärn&ArrDep=departure#stheader,13.033559567791272,55.6068150723823
SE,Österäng,https://www.trafikverket.se/trafikinformation/tag/?Station=Österäng&ArrDep=departure#stheader,13.559850431564978,58.6340970971921
