PL,Poznań,https://old.rozklad-pkp.pl/bin/stboard.exe/en?ld=mobil&protocol=https:&,16.910866,52.401996,5103060,POST,input=5196002&REQStationS0F=excludeStationAttribute%3BM-&disableEquivs=yes&selectDate=today&boardType=dep&advancedProductMode=&GUIREQProduct_0=on&GUIREQProduct_1=on&GUIREQProduct_2=on&GUIREQProduct_3=on&maxJourneys=10&start=Show
PL,Warszawa-Wschodnia,https://old.rozklad-pkp.pl/bin/stboard.exe/en?ld=mobil&protocol=https:&,21.052332,52.251544,5103865,POST,input=5100066&REQStationS0F=excludeStationAttribute%3BM-&disableEquivs=yes&selectDate=today&boardType=dep&advancedProductMode=&GUIREQProduct_0=on&GUIREQProduct_1=on&GUIREQProduct_2=on&GUIREQProduct_3=on&maxJourneys=10&start=Show
PL,Gdańsk Główny,https://old.rozklad-pkp.pl/bin/stboard.exe/en?ld=mobil&protocol=https:&,18.643807,54.355523,5100750,POST,input=5100009&REQStationS0F=excludeStationAttribute%3BM-&disableEquivs=yes&selectDate=today&boardType=dep&advancedProductMode=&GUIREQProduct_0=on&GUIREQProduct_1=on&GUIREQProduct_2=on&GUIREQProduct_3=on&maxJourneys=10&start=Show
PL,Łódź Kaliska,https://old.rozklad-pkp.pl/bin/stboard.exe/en?ld=mobil&protocol=https:&,19.430884,51.757416,5104670,POST,input=5100039&REQStationS0F=excludeStationAttribute%3BM-&disableEquivs=yes&selectDate=today&boardType=dep&advancedProductMode=&GUIREQProduct_0=on&GUIREQProduct_1=on&GUIREQProduct_2=on&GUIREQProduct_3=on&maxJourneys=10&start=Show
PL,Bydgoszcz Główna,https://old.rozklad-pkp.pl/bin/stboard.exe/en?ld=mobil&protocol=https:&,17.99164,53.135111,5101840,POST,input=5100005&REQStationS0F=excludeStationAttribute%3BM-&disableEquivs=yes&selectDate=today&boardType=dep&advancedProductMode=&GUIREQProduct_0=on&GUIREQProduct_1=on&GUIREQProduct_2=on&GUIREQProduct_3=on&maxJourneys=10&start=Show
PL,Gdynia Główna,https://old.rozklad-pkp.pl/bin/stboard.exe/en?ld=mobil&protocol=https:&,18.529554,54.520843,5100590,POST,input=5100010&REQStationS0F=excludeStationAttribute%3BM-&disableEquivs=yes&selectDate=today&boardType=dep&advancedProductMode=&GUIREQProduct_0=on&GUIREQProduct_1=on&GUIREQProduct_2=on&GUIREQProduct_3=on&maxJourneys=10&start=Show
PL,Gniezno,https://old.rozklad-pkp.pl/bin/stboard.exe/en?ld=mobil&protocol=https:&,17.601786,52.526434,5103080,POST,input=5100013&REQStationS0F=excludeStationAttribute%3BM-&disableEquivs=yes&selectDate=today&boardType=dep&advancedProductMode=&GUIREQProduct_0=on&GUIREQProduct_1=on&GUIREQProduct_2=on&GUIREQProduct_3=on&maxJourneys=10&start=Show
PL,Inowrocław,https://old.rozklad-pkp.pl/bin/stboard.exe/en?ld=mobil&protocol=https:&,18.239184,52.801405,5101870,POST,input=5100015&REQStationS0F=excludeStationAttribute%3BM-&disableEquivs=yes&selectDate=today&boardType=dep&advancedProductMode=&GUIREQProduct_0=on&GUIREQProduct_1=on&GUIREQProduct_2=on&GUIREQProduct_3=on&maxJourneys=10&start=Show
PL,Katowice,https://old.rozklad-pkp.pl/bin/stboard.exe/en?ld=mobil&protocol=https:&,19.017165,50.257511,5107331,POST,input=5100020&REQStationS0F=excludeStationAttribute%3BM-&disableEquivs=yes&selectDate=today&boardType=dep&advancedProductMode=&GUIREQProduct_0=on&GUIREQProduct_1=on&GUIREQProduct_2=on&GUIREQProduct_3=on&maxJourneys=10&start=Show
PL,Konin,https://old.rozklad-pkp.pl/bin/stboard.exe/en?ld=mobil&protocol=https:&,18.253333,52.231399,5103310,POST,input=5100026&REQStationS0F=excludeStationAttribute%3BM-&disableEquivs=yes&selectDate=today&boardType=dep&advancedProductMode=&GUIREQProduct_0=on&GUIREQProduct_1=on&GUIREQProduct_2=on&GUIREQProduct_3=on&maxJourneys=10&start=Show
PL,Kutno,https://old.rozklad-pkp.pl/bin/stboard.exe/en?ld=mobil&protocol=https:&,19.348615,52.226958,5103220,POST,input=5100032&REQStationS0F=excludeStationAttribute%3BM-&disableEquivs=yes&selectDate=today&boardType=dep&advancedProductMode=&GUIREQProduct_0=on&GUIREQProduct_1=on&GUIREQProduct_2=on&GUIREQProduct_3=on&maxJourneys=10&start=Show
PL,Legnica,https://old.rozklad-pkp.pl/bin/stboard.exe/en?ld=mobil&protocol=https:&,16.168924,51.213847,5105300,POST,input=5100035&REQStationS0F=excludeStationAttribute%3BM-&disableEquivs=yes&selectDate=today&boardType=dep&advancedProductMode=&GUIREQProduct_0=on&GUIREQProduct_1=on&GUIREQProduct_2=on&GUIREQProduct_3=on&maxJourneys=10&start=Show
PL,Sopot,https://old.rozklad-pkp.pl/bin/stboard.exe/en?ld=mobil&protocol=https:&,18.56232,54.440165,5100594,POST,input=5100056&REQStationS0F=excludeStationAttribute%3BM-&disableEquivs=yes&selectDate=today&boardType=dep&advancedProductMode=&GUIREQProduct_0=on&GUIREQProduct_1=on&GUIREQProduct_2=on&GUIREQProduct_3=on&maxJourneys=10&start=Show
PL,Szczecin Główny,https://old.rozklad-pkp.pl/bin/stboard.exe/en?ld=mobil&protocol=https:&,14.550317,53.418784,5100027,POST,input=5100057&REQStationS0F=excludeStationAttribute%3BM-&disableEquivs=yes&selectDate=today&boardType=dep&advancedProductMode=&GUIREQProduct_0=on&GUIREQProduct_1=on&GUIREQProduct_2=on&GUIREQProduct_3=on&maxJourneys=10&start=Show
PL,Tczew,https://old.rozklad-pkp.pl/bin/stboard.exe/en?ld=mobil&protocol=https:&,18.790151,54.097317,5100711,POST,input=5100061&REQStationS0F=excludeStationAttribute%3BM-&disableEquivs=yes&selectDate=today&boardType=dep&advancedProductMode=&GUIREQProduct_0=on&GUIREQProduct_1=on&GUIREQProduct_2=on&GUIREQProduct_3=on&maxJourneys=10&start=Show
PL,Warszawa Zachodnia,https://old.rozklad-pkp.pl/bin/stboard.exe/en?ld=mobil&protocol=https:&,20.965244,52.219974,5103350,POST,input=5100067&REQStationS0F=excludeStationAttribute%3BM-&disableEquivs=yes&selectDate=today&boardType=dep&advancedProductMode=&GUIREQProduct_0=on&GUIREQProduct_1=on&GUIREQProduct_2=on&GUIREQProduct_3=on&maxJourneys=10&start=Show
PL,Wrocław Główny,https://old.rozklad-pkp.pl/bin/stboard.exe/en?ld=mobil&protocol=https:&,17.037084,51.098075,5106010,POST,input=5100069&REQStationS0F=excludeStationAttribute%3BM-&disableEquivs=yes&selectDate=today&boardType=dep&advancedProductMode=&GUIREQProduct_0=on&GUIREQProduct_1=on&GUIREQProduct_2=on&GUIREQProduct_3=on&maxJourneys=10&start=Show
PL,Zbąszynek,https://old.rozklad-pkp.pl/bin/stboard.exe/en?ld=mobil&protocol=https:&,15.818093,52.242509,5102610,POST,input=5100071&REQStationS0F=excludeStationAttribute%3BM-&disableEquivs=yes&selectDate=today&boardType=dep&advancedProductMode=&GUIREQProduct_0=on&GUIREQProduct_1=on&GUIREQProduct_2=on&GUIREQProduct_3=on&maxJourneys=10&start=Show
PL,Rzepin,https://old.rozklad-pkp.pl/bin/stboard.exe/en?ld=mobil&protocol=https:&,14.815076,52.350218,5102580,POST,input=5100082&REQStationS0F=excludeStationAttribute%3BM-&disableEquivs=yes&selectDate=today&boardType=dep&advancedProductMode=&GUIREQProduct_0=on&GUIREQProduct_1=on&GUIREQProduct_2=on&GUIREQProduct_3=on&maxJourneys=10&start=Show
PL,Kostrzyn,https://old.rozklad-pkp.pl/bin/stboard.exe/en?ld=mobil&protocol=https:&,14.644695,52.591597,5101300,POST,input=5100214&REQStationS0F=excludeStationAttribute%3BM-&disableEquivs=yes&selectDate=today&boardType=dep&advancedProductMode=&GUIREQProduct_0=on&GUIREQProduct_1=on&GUIREQProduct_2=on&GUIREQProduct_3=on&maxJourneys=10&start=Show
PL,Żary,https://old.rozklad-pkp.pl/bin/stboard.exe/en?ld=mobil&protocol=https:&,15.136962,51.634749,5104155,POST,input=5100243&REQStationS0F=excludeStationAttribute%3BM-&disableEquivs=yes&selectDate=today&boardType=dep&advancedProductMode=&GUIREQProduct_0=on&GUIREQProduct_1=on&GUIREQProduct_2=on&GUIREQProduct_3=on&maxJourneys=10&start=Show
PL,Krzewina Zgorzelecka,https://old.rozklad-pkp.pl/bin/stboard.exe/en?ld=mobil&protocol=https:&,14.939361,51.015356,5105285,POST,input=5100244&REQStationS0F=excludeStationAttribute%3BM-&disableEquivs=yes&selectDate=today&boardType=dep&advancedProductMode=&GUIREQProduct_0=on&GUIREQProduct_1=on&GUIREQProduct_2=on&GUIREQProduct_3=on&maxJourneys=10&start=Show
PL,Świebodzin,https://old.rozklad-pkp.pl/bin/stboard.exe/en?ld=mobil&protocol=https:&,15.539535,52.245143,5102810,POST,input=5103284&REQStationS0F=excludeStationAttribute%3BM-&disableEquivs=yes&selectDate=today&boardType=dep&advancedProductMode=&GUIREQProduct_0=on&GUIREQProduct_1=on&GUIREQProduct_2=on&GUIREQProduct_3=on&maxJourneys=10&start=Show
PL,Świnoujście Centrum,https://old.rozklad-pkp.pl/bin/stboard.exe/en?ld=mobil&protocol=https:&,14.236,53.912993,5189954,POST,input=5189954&REQStationS0F=excludeStationAttribute%3BM-&disableEquivs=yes&selectDate=today&boardType=dep&advancedProductMode=&GUIREQProduct_0=on&GUIREQProduct_1=on&GUIREQProduct_2=on&GUIREQProduct_3=on&maxJourneys=10&start=Show
PL,Kołobrzeg,https://old.rozklad-pkp.pl/bin/stboard.exe/en?ld=mobil&protocol=https:&,15.569649,54.18231,5100410,POST,input=5100025&REQStationS0F=excludeStationAttribute%3BM-&disableEquivs=yes&selectDate=today&boardType=dep&advancedProductMode=&GUIREQProduct_0=on&GUIREQProduct_1=on&GUIREQProduct_2=on&GUIREQProduct_3=on&maxJourneys=10&start=Show
PL,Kostrzyn,https://old.rozklad-pkp.pl/bin/stboard.exe/en?ld=mobil&protocol=https:&,17.224689,52.39336,5101303,POST,input=5101819&REQStationS0F=excludeStationAttribute%3BM-&disableEquivs=yes&selectDate=today&boardType=dep&advancedProductMode=&GUIREQProduct_0=on&GUIREQProduct_1=on&GUIREQProduct_2=on&GUIREQProduct_3=on&maxJourneys=10&start=Show
PL,Krzyż,https://old.rozklad-pkp.pl/bin/stboard.exe/en?ld=mobil&protocol=https:&,16.019364,52.877501,5102910,POST,input=5100030&REQStationS0F=excludeStationAttribute%3BM-&disableEquivs=yes&selectDate=today&boardType=dep&advancedProductMode=&GUIREQProduct_0=on&GUIREQProduct_1=on&GUIREQProduct_2=on&GUIREQProduct_3=on&maxJourneys=10&start=Show
PL,Opole Główne,https://old.rozklad-pkp.pl/bin/stboard.exe/en?ld=mobil&protocol=https:&,17.926319,50.661456,5106060,POST,input=5100046&REQStationS0F=excludeStationAttribute%3BM-&disableEquivs=yes&selectDate=today&boardType=dep&advancedProductMode=&GUIREQProduct_0=on&GUIREQProduct_1=on&GUIREQProduct_2=on&GUIREQProduct_3=on&maxJourneys=10&start=Show
PL,Rzeszów Główny,https://old.rozklad-pkp.pl/bin/stboard.exe/en?ld=mobil&protocol=https:&,22.006797,50.04311,5108266,POST,input=5100229&REQStationS0F=excludeStationAttribute%3BM-&disableEquivs=yes&selectDate=today&boardType=dep&advancedProductMode=&GUIREQProduct_0=on&GUIREQProduct_1=on&GUIREQProduct_2=on&GUIREQProduct_3=on&maxJourneys=10&start=Show
PL,Czechowice Dziedzice,https://old.rozklad-pkp.pl/bin/stboard.exe/en?ld=mobil&protocol=https:&,19.004652,49.915103,5107600,POST,input=5100251&REQStationS0F=excludeStationAttribute%3BM-&disableEquivs=yes&selectDate=today&boardType=dep&advancedProductMode=&GUIREQProduct_0=on&GUIREQProduct_1=on&GUIREQProduct_2=on&GUIREQProduct_3=on&maxJourneys=10&start=Show
PL,Trzebiatów,https://old.rozklad-pkp.pl/bin/stboard.exe/en?ld=mobil&protocol=https:&,15.276735,54.058645,5100214,POST,input=5100150&REQStationS0F=excludeStationAttribute%3BM-&disableEquivs=yes&selectDate=today&boardType=dep&advancedProductMode=&GUIREQProduct_0=on&GUIREQProduct_1=on&GUIREQProduct_2=on&GUIREQProduct_3=on&maxJourneys=10&start=Show
PL,Zebrzydowice,https://old.rozklad-pkp.pl/bin/stboard.exe/en?ld=mobil&protocol=https:&,18.623698,49.87049,5107550,POST,input=5100264&REQStationS0F=excludeStationAttribute%3BM-&disableEquivs=yes&selectDate=today&boardType=dep&advancedProductMode=&GUIREQProduct_0=on&GUIREQProduct_1=on&GUIREQProduct_2=on&GUIREQProduct_3=on&maxJourneys=10&start=Show
PL,Wałbrzych Główny,https://old.rozklad-pkp.pl/bin/stboard.exe/en?ld=mobil&protocol=https:&,16.278601,50.743909,5105510,POST,input=5100064&REQStationS0F=excludeStationAttribute%3BM-&disableEquivs=yes&selectDate=today&boardType=dep&advancedProductMode=&GUIREQProduct_0=on&GUIREQProduct_1=on&GUIREQProduct_2=on&GUIREQProduct_3=on&maxJourneys=10&start=Show
PL,Świnoujście,https://old.rozklad-pkp.pl/bin/stboard.exe/en?ld=mobil&protocol=https:&,14.264199,53.903725,5100100,POST,input=5100059&REQStationS0F=excludeStationAttribute%3BM-&disableEquivs=yes&selectDate=today&boardType=dep&advancedProductMode=&GUIREQProduct_0=on&GUIREQProduct_1=on&GUIREQProduct_2=on&GUIREQProduct_3=on&maxJourneys=10&start=Show
PL,Aleksandrów Kujawski,https://old.rozklad-pkp.pl/bin/stboard.exe/en?ld=mobil&protocol=https:&,18.696664,52.875476,5102150,POST,input=5100339&REQStationS0F=excludeStationAttribute%3BM-&disableEquivs=yes&selectDate=today&boardType=dep&advancedProductMode=&GUIREQProduct_0=on&GUIREQProduct_1=on&GUIREQProduct_2=on&GUIREQProduct_3=on&maxJourneys=10&start=Show
PL,Biała Podlaska,https://old.rozklad-pkp.pl/bin/stboard.exe/en?ld=mobil&protocol=https:&,23.130566,52.020404,5104080,POST,input=5100086&REQStationS0F=excludeStationAttribute%3BM-&disableEquivs=yes&selectDate=today&boardType=dep&advancedProductMode=&GUIREQProduct_0=on&GUIREQProduct_1=on&GUIREQProduct_2=on&GUIREQProduct_3=on&maxJourneys=10&start=Show
PL,Białogard,https://old.rozklad-pkp.pl/bin/stboard.exe/en?ld=mobil&protocol=https:&,15.976914,54.009717,5100390,POST,input=5100001&REQStationS0F=excludeStationAttribute%3BM-&disableEquivs=yes&selectDate=today&boardType=dep&advancedProductMode=&GUIREQProduct_0=on&GUIREQProduct_1=on&GUIREQProduct_2=on&GUIREQProduct_3=on&maxJourneys=10&start=Show
PL,Białystok,https://old.rozklad-pkp.pl/bin/stboard.exe/en?ld=mobil&protocol=https:&,23.136723,53.134239,5102400,POST,input=5100002&REQStationS0F=excludeStationAttribute%3BM-&disableEquivs=yes&selectDate=today&boardType=dep&advancedProductMode=&GUIREQProduct_0=on&GUIREQProduct_1=on&GUIREQProduct_2=on&GUIREQProduct_3=on&maxJourneys=10&start=Show
PL,Bolesławiec,https://old.rozklad-pkp.pl/bin/stboard.exe/en?ld=mobil&protocol=https:&,15.568921,51.266155,5105385,POST,input=5100079&REQStationS0F=excludeStationAttribute%3BM-&disableEquivs=yes&selectDate=today&boardType=dep&advancedProductMode=&GUIREQProduct_0=on&GUIREQProduct_1=on&GUIREQProduct_2=on&GUIREQProduct_3=on&maxJourneys=10&start=Show
PL,Brzeg,https://old.rozklad-pkp.pl/bin/stboard.exe/en?ld=mobil&protocol=https:&,17.471182,50.852975,5106210,POST,input=5100003&REQStationS0F=excludeStationAttribute%3BM-&disableEquivs=yes&selectDate=today&boardType=dep&advancedProductMode=&GUIREQProduct_0=on&GUIREQProduct_1=on&GUIREQProduct_2=on&GUIREQProduct_3=on&maxJourneys=10&start=Show
PL,Bytom,https://old.rozklad-pkp.pl/bin/stboard.exe/en?ld=mobil&protocol=https:&,18.915704,50.343107,5107230,POST,input=5100006&REQStationS0F=excludeStationAttribute%3BM-&disableEquivs=yes&selectDate=today&boardType=dep&advancedProductMode=&GUIREQProduct_0=on&GUIREQProduct_1=on&GUIREQProduct_2=on&GUIREQProduct_3=on&maxJourneys=10&start=Show
PL,Chełm,https://old.rozklad-pkp.pl/bin/stboard.exe/en?ld=mobil&protocol=https:&,23.494036,51.141196,5105090,POST,input=5100303&REQStationS0F=excludeStationAttribute%3BM-&disableEquivs=yes&selectDate=today&boardType=dep&advancedProductMode=&GUIREQProduct_0=on&GUIREQProduct_1=on&GUIREQProduct_2=on&GUIREQProduct_3=on&maxJourneys=10&start=Show
PL,Chorzów Miasto,https://old.rozklad-pkp.pl/bin/stboard.exe/en?ld=mobil&protocol=https:&,18.949647,50.298727,5107227,POST,input=5100073&REQStationS0F=excludeStationAttribute%3BM-&disableEquivs=yes&selectDate=today&boardType=dep&advancedProductMode=&GUIREQProduct_0=on&GUIREQProduct_1=on&GUIREQProduct_2=on&GUIREQProduct_3=on&maxJourneys=10&start=Show
PL,Ciechocinek,https://old.rozklad-pkp.pl/bin/stboard.exe/en?ld=mobil&protocol=https:&,18.7891,52.879179,5102155,POST,input=5100734&REQStationS0F=excludeStationAttribute%3BM-&disableEquivs=yes&selectDate=today&boardType=dep&advancedProductMode=&GUIREQProduct_0=on&GUIREQProduct_1=on&GUIREQProduct_2=on&GUIREQProduct_3=on&maxJourneys=10&start=Show
PL,Częstochowa Osobowa,https://old.rozklad-pkp.pl/bin/stboard.exe/en?ld=mobil&protocol=https:&,19.121323,50.808649,5106265,POST,input=5100007&REQStationS0F=excludeStationAttribute%3BM-&disableEquivs=yes&selectDate=today&boardType=dep&advancedProductMode=&GUIREQProduct_0=on&GUIREQProduct_1=on&GUIREQProduct_2=on&GUIREQProduct_3=on&maxJourneys=10&start=Show
PL,Dębica,https://old.rozklad-pkp.pl/bin/stboard.exe/en?ld=mobil&protocol=https:&,21.405563,50.054418,5108120,POST,input=5100228&REQStationS0F=excludeStationAttribute%3BM-&disableEquivs=yes&selectDate=today&boardType=dep&advancedProductMode=&GUIREQProduct_0=on&GUIREQProduct_1=on&GUIREQProduct_2=on&GUIREQProduct_3=on&maxJourneys=10&start=Show
PL,Duszniki Zdrój,https://old.rozklad-pkp.pl/bin/stboard.exe/en?ld=mobil&protocol=https:&,16.385564,50.408162,5105752,POST,input=5100008&REQStationS0F=excludeStationAttribute%3BM-&disableEquivs=yes&selectDate=today&boardType=dep&advancedProductMode=&GUIREQProduct_0=on&GUIREQProduct_1=on&GUIREQProduct_2=on&GUIREQProduct_3=on&maxJourneys=10&start=Show
PL,Elbląg,https://old.rozklad-pkp.pl/bin/stboard.exe/en?ld=mobil&protocol=https:&,19.416655,54.15091,5100815,POST,input=5100253&REQStationS0F=excludeStationAttribute%3BM-&disableEquivs=yes&selectDate=today&boardType=dep&advancedProductMode=&GUIREQProduct_0=on&GUIREQProduct_1=on&GUIREQProduct_2=on&GUIREQProduct_3=on&maxJourneys=10&start=Show
PL,Ełk,https://old.rozklad-pkp.pl/bin/stboard.exe/en?ld=mobil&protocol=https:&,22.362177,53.825096,5101180,POST,input=5100305&REQStationS0F=excludeStationAttribute%3BM-&disableEquivs=yes&selectDate=today&boardType=dep&advancedProductMode=&GUIREQProduct_0=on&GUIREQProduct_1=on&GUIREQProduct_2=on&GUIREQProduct_3=on&maxJourneys=10&start=Show
PL,Głogów,https://old.rozklad-pkp.pl/bin/stboard.exe/en?ld=mobil&protocol=https:&,16.079715,51.668953,5104220,POST,input=5100012&REQStationS0F=excludeStationAttribute%3BM-&disableEquivs=yes&selectDate=today&boardType=dep&advancedProductMode=&GUIREQProduct_0=on&GUIREQProduct_1=on&GUIREQProduct_2=on&GUIREQProduct_3=on&maxJourneys=10&start=Show
PL,Gliwice,https://old.rozklad-pkp.pl/bin/stboard.exe/en?ld=mobil&protocol=https:&,18.677157,50.301109,5106970,POST,input=5100011&REQStationS0F=excludeStationAttribute%3BM-&disableEquivs=yes&selectDate=today&boardType=dep&advancedProductMode=&GUIREQProduct_0=on&GUIREQProduct_1=on&GUIREQProduct_2=on&GUIREQProduct_3=on&maxJourneys=10&start=Show
PL,Gorzów Wielkopolski,https://old.rozklad-pkp.pl/bin/stboard.exe/en?ld=mobil&protocol=https:&,15.229227,52.727756,5101390,POST,input=5100014&REQStationS0F=excludeStationAttribute%3BM-&disableEquivs=yes&selectDate=today&boardType=dep&advancedProductMode=&GUIREQProduct_0=on&GUIREQProduct_1=on&GUIREQProduct_2=on&GUIREQProduct_3=on&maxJourneys=10&start=Show
PL,Hel,https://old.rozklad-pkp.pl/bin/stboard.exe/en?ld=mobil&protocol=https:&,18.800893,54.611041,5100679,POST,input=5101340&REQStationS0F=excludeStationAttribute%3BM-&disableEquivs=yes&selectDate=today&boardType=dep&advancedProductMode=&GUIREQProduct_0=on&GUIREQProduct_1=on&GUIREQProduct_2=on&GUIREQProduct_3=on&maxJourneys=10&start=Show
PL,Iława Główna,https://old.rozklad-pkp.pl/bin/stboard.exe/en?ld=mobil&protocol=https:&,19.573849,53.582253,5102180,POST,input=5100075&REQStationS0F=excludeStationAttribute%3BM-&disableEquivs=yes&selectDate=today&boardType=dep&advancedProductMode=&GUIREQProduct_0=on&GUIREQProduct_1=on&GUIREQProduct_2=on&GUIREQProduct_3=on&maxJourneys=10&start=Show
PL,Jarocin,https://old.rozklad-pkp.pl/bin/stboard.exe/en?ld=mobil&protocol=https:&,17.494275,51.969121,5104470,POST,input=5100016&REQStationS0F=excludeStationAttribute%3BM-&disableEquivs=yes&selectDate=today&boardType=dep&advancedProductMode=&GUIREQProduct_0=on&GUIREQProduct_1=on&GUIREQProduct_2=on&GUIREQProduct_3=on&maxJourneys=10&start=Show
PL,Jastarnia,https://old.rozklad-pkp.pl/bin/stboard.exe/en?ld=mobil&protocol=https:&,18.677624,54.70114,5100677,POST,input=5101385&REQStationS0F=excludeStationAttribute%3BM-&disableEquivs=yes&selectDate=today&boardType=dep&advancedProductMode=&GUIREQProduct_0=on&GUIREQProduct_1=on&GUIREQProduct_2=on&GUIREQProduct_3=on&maxJourneys=10&start=Show
PL,Jaworzyna Śląska,https://old.rozklad-pkp.pl/bin/stboard.exe/en?ld=mobil&protocol=https:&,16.428928,50.912394,5105440,POST,input=5100077&REQStationS0F=excludeStationAttribute%3BM-&disableEquivs=yes&selectDate=today&boardType=dep&advancedProductMode=&GUIREQProduct_0=on&GUIREQProduct_1=on&GUIREQProduct_2=on&GUIREQProduct_3=on&maxJourneys=10&start=Show
PL,Jelenia Góra,https://old.rozklad-pkp.pl/bin/stboard.exe/en?ld=mobil&protocol=https:&,15.75533,50.902568,5105580,POST,input=5100259&REQStationS0F=excludeStationAttribute%3BM-&disableEquivs=yes&selectDate=today&boardType=dep&advancedProductMode=&GUIREQProduct_0=on&GUIREQProduct_1=on&GUIREQProduct_2=on&GUIREQProduct_3=on&maxJourneys=10&start=Show
PL,Jurata,https://old.rozklad-pkp.pl/bin/stboard.exe/en?ld=mobil&protocol=https:&,18.713204,54.684861,5100675,POST,input=5101478&REQStationS0F=excludeStationAttribute%3BM-&disableEquivs=yes&selectDate=today&boardType=dep&advancedProductMode=&GUIREQProduct_0=on&GUIREQProduct_1=on&GUIREQProduct_2=on&GUIREQProduct_3=on&maxJourneys=10&start=Show
PL,Kalisz,https://old.rozklad-pkp.pl/bin/stboard.exe/en?ld=mobil&protocol=https:&,18.071913,51.742817,5104524,POST,input=5100017&REQStationS0F=excludeStationAttribute%3BM-&disableEquivs=yes&selectDate=today&boardType=dep&advancedProductMode=&GUIREQProduct_0=on&GUIREQProduct_1=on&GUIREQProduct_2=on&GUIREQProduct_3=on&maxJourneys=10&start=Show
PL,Kamieniec Ząbkowicki,https://old.rozklad-pkp.pl/bin/stboard.exe/en?ld=mobil&protocol=https:&,16.900376,50.536366,5105640,POST,input=5100018&REQStationS0F=excludeStationAttribute%3BM-&disableEquivs=yes&selectDate=today&boardType=dep&advancedProductMode=&GUIREQProduct_0=on&GUIREQProduct_1=on&GUIREQProduct_2=on&GUIREQProduct_3=on&maxJourneys=10&start=Show
PL,Karpacz,https://old.rozklad-pkp.pl/bin/stboard.exe/en?ld=mobil&protocol=https:&,15.762056,50.782622,5105602,POST,input=5100019&REQStationS0F=excludeStationAttribute%3BM-&disableEquivs=yes&selectDate=today&boardType=dep&advancedProductMode=&GUIREQProduct_0=on&GUIREQProduct_1=on&GUIREQProduct_2=on&GUIREQProduct_3=on&maxJourneys=10&start=Show
PL,Kędzierzyn Koźle,https://old.rozklad-pkp.pl/bin/stboard.exe/en?ld=mobil&protocol=https:&,18.204765,50.344356,5106700,POST,input=5100119&REQStationS0F=excludeStationAttribute%3BM-&disableEquivs=yes&selectDate=today&boardType=dep&advancedProductMode=&GUIREQProduct_0=on&GUIREQProduct_1=on&GUIREQProduct_2=on&GUIREQProduct_3=on&maxJourneys=10&start=Show
PL,Kępno,https://old.rozklad-pkp.pl/bin/stboard.exe/en?ld=mobil&protocol=https:&,18.001024,51.29164,5104540,POST,input=5100023&REQStationS0F=excludeStationAttribute%3BM-&disableEquivs=yes&selectDate=today&boardType=dep&advancedProductMode=&GUIREQProduct_0=on&GUIREQProduct_1=on&GUIREQProduct_2=on&GUIREQProduct_3=on&maxJourneys=10&start=Show
PL,Kielce,https://old.rozklad-pkp.pl/bin/stboard.exe/en?ld=mobil&protocol=https:&,20.618117,50.874207,5106355,POST,input=5100022&REQStationS0F=excludeStationAttribute%3BM-&disableEquivs=yes&selectDate=today&boardType=dep&advancedProductMode=&GUIREQProduct_0=on&GUIREQProduct_1=on&GUIREQProduct_2=on&GUIREQProduct_3=on&maxJourneys=10&start=Show
PL,Kłodzko Główne,https://old.rozklad-pkp.pl/bin/stboard.exe/en?ld=mobil&protocol=https:&,16.656705,50.450941,5105730,POST,input=5101564&REQStationS0F=excludeStationAttribute%3BM-&disableEquivs=yes&selectDate=today&boardType=dep&advancedProductMode=&GUIREQProduct_0=on&GUIREQProduct_1=on&GUIREQProduct_2=on&GUIREQProduct_3=on&maxJourneys=10&start=Show
PL,Koluszki,https://old.rozklad-pkp.pl/bin/stboard.exe/en?ld=mobil&protocol=https:&,19.818994,51.744606,5104725,POST,input=5100024&REQStationS0F=excludeStationAttribute%3BM-&disableEquivs=yes&selectDate=today&boardType=dep&advancedProductMode=&GUIREQProduct_0=on&GUIREQProduct_1=on&GUIREQProduct_2=on&GUIREQProduct_3=on&maxJourneys=10&start=Show
PL,Koszalin,https://old.rozklad-pkp.pl/bin/stboard.exe/en?ld=mobil&protocol=https:&,16.169931,54.191254,5100440,POST,input=5100027&REQStationS0F=excludeStationAttribute%3BM-&disableEquivs=yes&selectDate=today&boardType=dep&advancedProductMode=&GUIREQProduct_0=on&GUIREQProduct_1=on&GUIREQProduct_2=on&GUIREQProduct_3=on&maxJourneys=10&start=Show
PL,Krynica,https://old.rozklad-pkp.pl/bin/stboard.exe/en?ld=mobil&protocol=https:&,20.957361,49.410476,5108248,POST,input=5100029&REQStationS0F=excludeStationAttribute%3BM-&disableEquivs=yes&selectDate=today&boardType=dep&advancedProductMode=&GUIREQProduct_0=on&GUIREQProduct_1=on&GUIREQProduct_2=on&GUIREQProduct_3=on&maxJourneys=10&start=Show
PL,Kudowa Zdrój,https://old.rozklad-pkp.pl/bin/stboard.exe/en?ld=mobil&protocol=https:&,16.246447,50.427417,5105755,POST,input=5100031&REQStationS0F=excludeStationAttribute%3BM-&disableEquivs=yes&selectDate=today&boardType=dep&advancedProductMode=&GUIREQProduct_0=on&GUIREQProduct_1=on&GUIREQProduct_2=on&GUIREQProduct_3=on&maxJourneys=10&start=Show
PL,Kunowice,https://old.rozklad-pkp.pl/bin/stboard.exe/en?ld=mobil&protocol=https:&,14.638816,52.341661,5102592,POST,input=5100083&REQStationS0F=excludeStationAttribute%3BM-&disableEquivs=yes&selectDate=today&boardType=dep&advancedProductMode=&GUIREQProduct_0=on&GUIREQProduct_1=on&GUIREQProduct_2=on&GUIREQProduct_3=on&maxJourneys=10&start=Show
PL,Kuźnica Białostocka,https://old.rozklad-pkp.pl/bin/stboard.exe/en?ld=mobil&protocol=https:&,23.64163,53.511373,5102500,POST,input=5100033&REQStationS0F=excludeStationAttribute%3BM-&disableEquivs=yes&selectDate=today&boardType=dep&advancedProductMode=&GUIREQProduct_0=on&GUIREQProduct_1=on&GUIREQProduct_2=on&GUIREQProduct_3=on&maxJourneys=10&start=Show
PL,Lądek Zdrój,https://old.rozklad-pkp.pl/bin/stboard.exe/en?ld=mobil&protocol=https:&,16.859864,50.341879,5105761,POST,input=5105761&REQStationS0F=excludeStationAttribute%3BM-&disableEquivs=yes&selectDate=today&boardType=dep&advancedProductMode=&GUIREQProduct_0=on&GUIREQProduct_1=on&GUIREQProduct_2=on&GUIREQProduct_3=on&maxJourneys=10&start=Show
PL,Leszno,https://old.rozklad-pkp.pl/bin/stboard.exe/en?ld=mobil&protocol=https:&,16.565573,51.846409,5104260,POST,input=5100036&REQStationS0F=excludeStationAttribute%3BM-&disableEquivs=yes&selectDate=today&boardType=dep&advancedProductMode=&GUIREQProduct_0=on&GUIREQProduct_1=on&GUIREQProduct_2=on&GUIREQProduct_3=on&maxJourneys=10&start=Show
PL,Łódź Chojny,https://old.rozklad-pkp.pl/bin/stboard.exe/en?ld=mobil&protocol=https:&,19.484457,51.726248,5104656,POST,input=5100038&REQStationS0F=excludeStationAttribute%3BM-&disableEquivs=yes&selectDate=today&boardType=dep&advancedProductMode=&GUIREQProduct_0=on&GUIREQProduct_1=on&GUIREQProduct_2=on&GUIREQProduct_3=on&maxJourneys=10&start=Show
PL,Łódź Fabryczna,https://old.rozklad-pkp.pl/bin/stboard.exe/en?ld=mobil&protocol=https:&,19.469028,51.769151,5104645,POST,input=5100317&REQStationS0F=excludeStationAttribute%3BM-&disableEquivs=yes&selectDate=today&boardType=dep&advancedProductMode=&GUIREQProduct_0=on&GUIREQProduct_1=on&GUIREQProduct_2=on&GUIREQProduct_3=on&maxJourneys=10&start=Show
PL,Lubań Śląski,https://old.rozklad-pkp.pl/bin/stboard.exe/en?ld=mobil&protocol=https:&,15.293195,51.111217,5105250,POST,input=5100224&REQStationS0F=excludeStationAttribute%3BM-&disableEquivs=yes&selectDate=today&boardType=dep&advancedProductMode=&GUIREQProduct_0=on&GUIREQProduct_1=on&GUIREQProduct_2=on&GUIREQProduct_3=on&maxJourneys=10&start=Show
PL,Lubliniec,https://old.rozklad-pkp.pl/bin/stboard.exe/en?ld=mobil&protocol=https:&,18.690038,50.673209,5107140,POST,input=5100237&REQStationS0F=excludeStationAttribute%3BM-&disableEquivs=yes&selectDate=today&boardType=dep&advancedProductMode=&GUIREQProduct_0=on&GUIREQProduct_1=on&GUIREQProduct_2=on&GUIREQProduct_3=on&maxJourneys=10&start=Show
PL,Lubin Górniczy,https://old.rozklad-pkp.pl/bin/stboard.exe/en?ld=mobil&protocol=https:&,16.192803,51.394039,5105328,POST,input=5100308&REQStationS0F=excludeStationAttribute%3BM-&disableEquivs=yes&selectDate=today&boardType=dep&advancedProductMode=&GUIREQProduct_0=on&GUIREQProduct_1=on&GUIREQProduct_2=on&GUIREQProduct_3=on&maxJourneys=10&start=Show
PL,Małkinia,https://old.rozklad-pkp.pl/bin/stboard.exe/en?ld=mobil&protocol=https:&,22.033522,52.693795,5103830,POST,input=5100087&REQStationS0F=excludeStationAttribute%3BM-&disableEquivs=yes&selectDate=today&boardType=dep&advancedProductMode=&GUIREQProduct_0=on&GUIREQProduct_1=on&GUIREQProduct_2=on&GUIREQProduct_3=on&maxJourneys=10&start=Show
PL,Małaszewicze,https://old.rozklad-pkp.pl/bin/stboard.exe/en?ld=mobil&protocol=https:&,23.529957,52.026508,5104060,POST,input=5100215&REQStationS0F=excludeStationAttribute%3BM-&disableEquivs=yes&selectDate=today&boardType=dep&advancedProductMode=&GUIREQProduct_0=on&GUIREQProduct_1=on&GUIREQProduct_2=on&GUIREQProduct_3=on&maxJourneys=10&start=Show
PL,Malbork,https://old.rozklad-pkp.pl/bin/stboard.exe/en?ld=mobil&protocol=https:&,19.04282,54.035795,5100787,POST,input=5100040&REQStationS0F=excludeStationAttribute%3BM-&disableEquivs=yes&selectDate=today&boardType=dep&advancedProductMode=&GUIREQProduct_0=on&GUIREQProduct_1=on&GUIREQProduct_2=on&GUIREQProduct_3=on&maxJourneys=10&start=Show
PL,Marciszów,https://old.rozklad-pkp.pl/bin/stboard.exe/en?ld=mobil&protocol=https:&,16.007469,50.851402,5105560,POST,input=5100078&REQStationS0F=excludeStationAttribute%3BM-&disableEquivs=yes&selectDate=today&boardType=dep&advancedProductMode=&GUIREQProduct_0=on&GUIREQProduct_1=on&GUIREQProduct_2=on&GUIREQProduct_3=on&maxJourneys=10&start=Show
PL,Muszyna,https://old.rozklad-pkp.pl/bin/stboard.exe/en?ld=mobil&protocol=https:&,20.893573,49.346284,5108240,POST,input=5100041&REQStationS0F=excludeStationAttribute%3BM-&disableEquivs=yes&selectDate=today&boardType=dep&advancedProductMode=&GUIREQProduct_0=on&GUIREQProduct_1=on&GUIREQProduct_2=on&GUIREQProduct_3=on&maxJourneys=10&start=Show
PL,Nowy Sącz,https://old.rozklad-pkp.pl/bin/stboard.exe/en?ld=mobil&protocol=https:&,20.702463,49.606674,5108190,POST,input=5100042&REQStationS0F=excludeStationAttribute%3BM-&disableEquivs=yes&selectDate=today&boardType=dep&advancedProductMode=&GUIREQProduct_0=on&GUIREQProduct_1=on&GUIREQProduct_2=on&GUIREQProduct_3=on&maxJourneys=10&start=Show
PL,Nowa Sól,https://old.rozklad-pkp.pl/bin/stboard.exe/en?ld=mobil&protocol=https:&,15.70811,51.799683,5104200,POST,input=5100043&REQStationS0F=excludeStationAttribute%3BM-&disableEquivs=yes&selectDate=today&boardType=dep&advancedProductMode=&GUIREQProduct_0=on&GUIREQProduct_1=on&GUIREQProduct_2=on&GUIREQProduct_3=on&maxJourneys=10&start=Show
PL,Nysa,https://old.rozklad-pkp.pl/bin/stboard.exe/en?ld=mobil&protocol=https:&,17.341827,50.477792,5105660,POST,input=5100044&REQStationS0F=excludeStationAttribute%3BM-&disableEquivs=yes&selectDate=today&boardType=dep&advancedProductMode=&GUIREQProduct_0=on&GUIREQProduct_1=on&GUIREQProduct_2=on&GUIREQProduct_3=on&maxJourneys=10&start=Show
PL,Oława,https://old.rozklad-pkp.pl/bin/stboard.exe/en?ld=mobil&protocol=https:&,17.297187,50.930938,5105827,POST,input=5102560&REQStationS0F=excludeStationAttribute%3BM-&disableEquivs=yes&selectDate=today&boardType=dep&advancedProductMode=&GUIREQProduct_0=on&GUIREQProduct_1=on&GUIREQProduct_2=on&GUIREQProduct_3=on&maxJourneys=10&start=Show
PL,Oleśnica,https://old.rozklad-pkp.pl/bin/stboard.exe/en?ld=mobil&protocol=https:&,17.38698,51.200372,5105950,POST,input=5196011&REQStationS0F=excludeStationAttribute%3BM-&disableEquivs=yes&selectDate=today&boardType=dep&advancedProductMode=&GUIREQProduct_0=on&GUIREQProduct_1=on&GUIREQProduct_2=on&GUIREQProduct_3=on&maxJourneys=10&start=Show
PL,Olsztyn Główny,https://old.rozklad-pkp.pl/bin/stboard.exe/en?ld=mobil&protocol=https:&,20.497401,53.78584,5100920,POST,input=5100045&REQStationS0F=excludeStationAttribute%3BM-&disableEquivs=yes&selectDate=today&boardType=dep&advancedProductMode=&GUIREQProduct_0=on&GUIREQProduct_1=on&GUIREQProduct_2=on&GUIREQProduct_3=on&maxJourneys=10&start=Show
PL,Ostrowiec Świętokrzyski,https://old.rozklad-pkp.pl/bin/stboard.exe/en?ld=mobil&protocol=https:&,21.376707,50.933896,5104920,POST,input=5102647&REQStationS0F=excludeStationAttribute%3BM-&disableEquivs=yes&selectDate=today&boardType=dep&advancedProductMode=&GUIREQProduct_0=on&GUIREQProduct_1=on&GUIREQProduct_2=on&GUIREQProduct_3=on&maxJourneys=10&start=Show
PL,Oświęcim,https://old.rozklad-pkp.pl/bin/stboard.exe/en?ld=mobil&protocol=https:&,19.199727,50.041501,5107710,POST,input=5100048&REQStationS0F=excludeStationAttribute%3BM-&disableEquivs=yes&selectDate=today&boardType=dep&advancedProductMode=&GUIREQProduct_0=on&GUIREQProduct_1=on&GUIREQProduct_2=on&GUIREQProduct_3=on&maxJourneys=10&start=Show
PL,Piła Główna,https://old.rozklad-pkp.pl/bin/stboard.exe/en?ld=mobil&protocol=https:&,16.744539,53.143148,5101440,POST,input=5100049&REQStationS0F=excludeStationAttribute%3BM-&disableEquivs=yes&selectDate=today&boardType=dep&advancedProductMode=&GUIREQProduct_0=on&GUIREQProduct_1=on&GUIREQProduct_2=on&GUIREQProduct_3=on&maxJourneys=10&start=Show
PL,Piotrków Trybunalski,https://old.rozklad-pkp.pl/bin/stboard.exe/en?ld=mobil&protocol=https:&,19.684623,51.40992,5104770,POST,input=5100190&REQStationS0F=excludeStationAttribute%3BM-&disableEquivs=yes&selectDate=today&boardType=dep&advancedProductMode=&GUIREQProduct_0=on&GUIREQProduct_1=on&GUIREQProduct_2=on&GUIREQProduct_3=on&maxJourneys=10&start=Show
PL,Poznań Starołęka,https://old.rozklad-pkp.pl/bin/stboard.exe/en?ld=mobil&protocol=https:&,16.934553,52.366165,5102852,POST,input=5100226&REQStationS0F=excludeStationAttribute%3BM-&disableEquivs=yes&selectDate=today&boardType=dep&advancedProductMode=&GUIREQProduct_0=on&GUIREQProduct_1=on&GUIREQProduct_2=on&GUIREQProduct_3=on&maxJourneys=10&start=Show
PL,Połczyn Zdrój,https://old.rozklad-pkp.pl/bin/stboard.exe/en?ld=mobil&protocol=https:&,22.981561,53.045938,5100360,POST,input=5100360&REQStationS0F=excludeStationAttribute%3BM-&disableEquivs=yes&selectDate=today&boardType=dep&advancedProductMode=&GUIREQProduct_0=on&GUIREQProduct_1=on&GUIREQProduct_2=on&GUIREQProduct_3=on&maxJourneys=10&start=Show
PL,Polanica Zdrój,https://old.rozklad-pkp.pl/bin/stboard.exe/en?ld=mobil&protocol=https:&,16.510891,50.396916,5105749,POST,input=5100050&REQStationS0F=excludeStationAttribute%3BM-&disableEquivs=yes&selectDate=today&boardType=dep&advancedProductMode=&GUIREQProduct_0=on&GUIREQProduct_1=on&GUIREQProduct_2=on&GUIREQProduct_3=on&maxJourneys=10&start=Show
PL,Prudnik,https://old.rozklad-pkp.pl/bin/stboard.exe/en?ld=mobil&protocol=https:&,17.577111,50.329191,5105690,POST,input=5100051&REQStationS0F=excludeStationAttribute%3BM-&disableEquivs=yes&selectDate=today&boardType=dep&advancedProductMode=&GUIREQProduct_0=on&GUIREQProduct_1=on&GUIREQProduct_2=on&GUIREQProduct_3=on&maxJourneys=10&start=Show
PL,Przemyśl Główny,https://old.rozklad-pkp.pl/bin/stboard.exe/en?ld=mobil&protocol=https:&,22.776364,49.783663,5108440,POST,input=5100234&REQStationS0F=excludeStationAttribute%3BM-&disableEquivs=yes&selectDate=today&boardType=dep&advancedProductMode=&GUIREQProduct_0=on&GUIREQProduct_1=on&GUIREQProduct_2=on&GUIREQProduct_3=on&maxJourneys=10&start=Show
PL,Lublin,https://old.rozklad-pkp.pl/bin/stboard.exe/en?ld=mobil&protocol=https:&,22.568398,51.231241,5105050,POST,input=5100037&REQStationS0F=excludeStationAttribute%3BM-&disableEquivs=yes&selectDate=today&boardType=dep&advancedProductMode=&GUIREQProduct_0=on&GUIREQProduct_1=on&GUIREQProduct_2=on&GUIREQProduct_3=on&maxJourneys=10&start=Show
PL,Racibórz,https://old.rozklad-pkp.pl/bin/stboard.exe/en?ld=mobil&protocol=https:&,18.226393,50.090348,5106870,POST,input=5100263&REQStationS0F=excludeStationAttribute%3BM-&disableEquivs=yes&selectDate=today&boardType=dep&advancedProductMode=&GUIREQProduct_0=on&GUIREQProduct_1=on&GUIREQProduct_2=on&GUIREQProduct_3=on&maxJourneys=10&start=Show
PL,Radom,https://old.rozklad-pkp.pl/bin/stboard.exe/en?ld=mobil&protocol=https:&,21.155564,51.390952,5104835,POST,input=5100052&REQStationS0F=excludeStationAttribute%3BM-&disableEquivs=yes&selectDate=today&boardType=dep&advancedProductMode=&GUIREQProduct_0=on&GUIREQProduct_1=on&GUIREQProduct_2=on&GUIREQProduct_3=on&maxJourneys=10&start=Show
PL,Racławice Śląskie,https://old.rozklad-pkp.pl/bin/stboard.exe/en?ld=mobil&protocol=https:&,17.761201,50.312031,5106748,POST,input=5100201&REQStationS0F=excludeStationAttribute%3BM-&disableEquivs=yes&selectDate=today&boardType=dep&advancedProductMode=&GUIREQProduct_0=on&GUIREQProduct_1=on&GUIREQProduct_2=on&GUIREQProduct_3=on&maxJourneys=10&start=Show
PL,Radomsko,https://old.rozklad-pkp.pl/bin/stboard.exe/en?ld=mobil&protocol=https:&,19.437572,51.074505,5104788,POST,input=5100088&REQStationS0F=excludeStationAttribute%3BM-&disableEquivs=yes&selectDate=today&boardType=dep&advancedProductMode=&GUIREQProduct_0=on&GUIREQProduct_1=on&GUIREQProduct_2=on&GUIREQProduct_3=on&maxJourneys=10&start=Show
PL,Rybnik,https://old.rozklad-pkp.pl/bin/stboard.exe/en?ld=mobil&protocol=https:&,18.54764,50.089135,5106820,POST,input=5100262&REQStationS0F=excludeStationAttribute%3BM-&disableEquivs=yes&selectDate=today&boardType=dep&advancedProductMode=&GUIREQProduct_0=on&GUIREQProduct_1=on&GUIREQProduct_2=on&GUIREQProduct_3=on&maxJourneys=10&start=Show
PL,Sanok,https://old.rozklad-pkp.pl/bin/stboard.exe/en?ld=mobil&protocol=https:&,22.210834,49.553216,5108360,POST,input=5100312&REQStationS0F=excludeStationAttribute%3BM-&disableEquivs=yes&selectDate=today&boardType=dep&advancedProductMode=&GUIREQProduct_0=on&GUIREQProduct_1=on&GUIREQProduct_2=on&GUIREQProduct_3=on&maxJourneys=10&start=Show
PL,Szczecin Gumieńce,https://old.rozklad-pkp.pl/bin/stboard.exe/en?ld=mobil&protocol=https:&,15.529656,53.556481,5100207,POST,input=5100207&REQStationS0F=excludeStationAttribute%3BM-&disableEquivs=yes&selectDate=today&boardType=dep&advancedProductMode=&GUIREQProduct_0=on&GUIREQProduct_1=on&GUIREQProduct_2=on&GUIREQProduct_3=on&maxJourneys=10&start=Show
PL,Siedlce,https://old.rozklad-pkp.pl/bin/stboard.exe/en?ld=mobil&protocol=https:&,22.271925,52.162218,5103940,POST,input=5100053&REQStationS0F=excludeStationAttribute%3BM-&disableEquivs=yes&selectDate=today&boardType=dep&advancedProductMode=&GUIREQProduct_0=on&GUIREQProduct_1=on&GUIREQProduct_2=on&GUIREQProduct_3=on&maxJourneys=10&start=Show
PL,Sieradz,https://old.rozklad-pkp.pl/bin/stboard.exe/en?ld=mobil&protocol=https:&,18.714984,51.597659,5101948,POST,input=5100054&REQStationS0F=excludeStationAttribute%3BM-&disableEquivs=yes&selectDate=today&boardType=dep&advancedProductMode=&GUIREQProduct_0=on&GUIREQProduct_1=on&GUIREQProduct_2=on&GUIREQProduct_3=on&maxJourneys=10&start=Show
PL,Skarżysko Kamienna,https://old.rozklad-pkp.pl/bin/stboard.exe/en?ld=mobil&protocol=https:&,20.881725,51.115891,5104800,POST,input=5100209&REQStationS0F=excludeStationAttribute%3BM-&disableEquivs=yes&selectDate=today&boardType=dep&advancedProductMode=&GUIREQProduct_0=on&GUIREQProduct_1=on&GUIREQProduct_2=on&GUIREQProduct_3=on&maxJourneys=10&start=Show
PL,Słubice,https://old.rozklad-pkp.pl/bin/stboard.exe/en?ld=mobil&protocol=https:&,14.594661,52.335818,5102630,POST,input=5193610&REQStationS0F=excludeStationAttribute%3BM-&disableEquivs=yes&selectDate=today&boardType=dep&advancedProductMode=&GUIREQProduct_0=on&GUIREQProduct_1=on&GUIREQProduct_2=on&GUIREQProduct_3=on&maxJourneys=10&start=Show
PL,Słupsk,https://old.rozklad-pkp.pl/bin/stboard.exe/en?ld=mobil&protocol=https:&,17.016544,54.467367,5100470,POST,input=5100055&REQStationS0F=excludeStationAttribute%3BM-&disableEquivs=yes&selectDate=today&boardType=dep&advancedProductMode=&GUIREQProduct_0=on&GUIREQProduct_1=on&GUIREQProduct_2=on&GUIREQProduct_3=on&maxJourneys=10&start=Show
PL,Sosnowiec Główny,https://old.rozklad-pkp.pl/bin/stboard.exe/en?ld=mobil&protocol=https:&,19.126411,50.278906,5107465,POST,input=5100133&REQStationS0F=excludeStationAttribute%3BM-&disableEquivs=yes&selectDate=today&boardType=dep&advancedProductMode=&GUIREQProduct_0=on&GUIREQProduct_1=on&GUIREQProduct_2=on&GUIREQProduct_3=on&maxJourneys=10&start=Show
PL,Strzelin,https://old.rozklad-pkp.pl/bin/stboard.exe/en?ld=mobil&protocol=https:&,17.060294,50.784702,5105980,POST,input=5100076&REQStationS0F=excludeStationAttribute%3BM-&disableEquivs=yes&selectDate=today&boardType=dep&advancedProductMode=&GUIREQProduct_0=on&GUIREQProduct_1=on&GUIREQProduct_2=on&GUIREQProduct_3=on&maxJourneys=10&start=Show
PL,Suwałki,https://old.rozklad-pkp.pl/bin/stboard.exe/en?ld=mobil&protocol=https:&,22.945262,54.106153,5101280,POST,input=5100141&REQStationS0F=excludeStationAttribute%3BM-&disableEquivs=yes&selectDate=today&boardType=dep&advancedProductMode=&GUIREQProduct_0=on&GUIREQProduct_1=on&GUIREQProduct_2=on&GUIREQProduct_3=on&maxJourneys=10&start=Show
PL,Szklarska Poręba Górna,https://old.rozklad-pkp.pl/bin/stboard.exe/en?ld=mobil&protocol=https:&,15.518716,50.832596,5105618,POST,input=5100058&REQStationS0F=excludeStationAttribute%3BM-&disableEquivs=yes&selectDate=today&boardType=dep&advancedProductMode=&GUIREQProduct_0=on&GUIREQProduct_1=on&GUIREQProduct_2=on&GUIREQProduct_3=on&maxJourneys=10&start=Show
PL,Tarnowskie Góry,https://old.rozklad-pkp.pl/bin/stboard.exe/en?ld=mobil&protocol=https:&,18.865121,50.446977,5107100,POST,input=5100074&REQStationS0F=excludeStationAttribute%3BM-&disableEquivs=yes&selectDate=today&boardType=dep&advancedProductMode=&GUIREQProduct_0=on&GUIREQProduct_1=on&GUIREQProduct_2=on&GUIREQProduct_3=on&maxJourneys=10&start=Show
PL,Tarnów,https://old.rozklad-pkp.pl/bin/stboard.exe/en?ld=mobil&protocol=https:&,20.974179,50.0054,5108063,POST,input=5100230&REQStationS0F=excludeStationAttribute%3BM-&disableEquivs=yes&selectDate=today&boardType=dep&advancedProductMode=&GUIREQProduct_0=on&GUIREQProduct_1=on&GUIREQProduct_2=on&GUIREQProduct_3=on&maxJourneys=10&start=Show
PL,Toruń Główny,https://old.rozklad-pkp.pl/bin/stboard.exe/en?ld=mobil&protocol=https:&,18.614601,53.000102,5101970,POST,input=5100062&REQStationS0F=excludeStationAttribute%3BM-&disableEquivs=yes&selectDate=today&boardType=dep&advancedProductMode=&GUIREQProduct_0=on&GUIREQProduct_1=on&GUIREQProduct_2=on&GUIREQProduct_3=on&maxJourneys=10&start=Show
PL,Trzebinia,https://old.rozklad-pkp.pl/bin/stboard.exe/en?ld=mobil&protocol=https:&,19.453214,50.153938,5107750,POST,input=5100072&REQStationS0F=excludeStationAttribute%3BM-&disableEquivs=yes&selectDate=today&boardType=dep&advancedProductMode=&GUIREQProduct_0=on&GUIREQProduct_1=on&GUIREQProduct_2=on&GUIREQProduct_3=on&maxJourneys=10&start=Show
PL,Turoszów,https://old.rozklad-pkp.pl/bin/stboard.exe/en?ld=mobil&protocol=https:&,14.909215,50.94261,5105280,POST,input=5105280&REQStationS0F=excludeStationAttribute%3BM-&disableEquivs=yes&selectDate=today&boardType=dep&advancedProductMode=&GUIREQProduct_0=on&GUIREQProduct_1=on&GUIREQProduct_2=on&GUIREQProduct_3=on&maxJourneys=10&start=Show
PL,Ustka,https://old.rozklad-pkp.pl/bin/stboard.exe/en?ld=mobil&protocol=https:&,16.861102,54.578743,5100495,POST,input=5100063&REQStationS0F=excludeStationAttribute%3BM-&disableEquivs=yes&selectDate=today&boardType=dep&advancedProductMode=&GUIREQProduct_0=on&GUIREQProduct_1=on&GUIREQProduct_2=on&GUIREQProduct_3=on&maxJourneys=10&start=Show
PL,Wadowice,https://old.rozklad-pkp.pl/bin/stboard.exe/en?ld=mobil&protocol=https:&,19.501657,49.884792,5107820,POST,input=5103924&REQStationS0F=excludeStationAttribute%3BM-&disableEquivs=yes&selectDate=today&boardType=dep&advancedProductMode=&GUIREQProduct_0=on&GUIREQProduct_1=on&GUIREQProduct_2=on&GUIREQProduct_3=on&maxJourneys=10&start=Show
PL,Warszawa Gdańska,https://old.rozklad-pkp.pl/bin/stboard.exe/en?ld=mobil&protocol=https:&,20.993713,52.259184,5103610,POST,input=5100172&REQStationS0F=excludeStationAttribute%3BM-&disableEquivs=yes&selectDate=today&boardType=dep&advancedProductMode=&GUIREQProduct_0=on&GUIREQProduct_1=on&GUIREQProduct_2=on&GUIREQProduct_3=on&maxJourneys=10&start=Show
PL,Wałbrzych Miasto,https://old.rozklad-pkp.pl/bin/stboard.exe/en?ld=mobil&protocol=https:&,16.28404,50.78445,5105455,POST,input=5100210&REQStationS0F=excludeStationAttribute%3BM-&disableEquivs=yes&selectDate=today&boardType=dep&advancedProductMode=&GUIREQProduct_0=on&GUIREQProduct_1=on&GUIREQProduct_2=on&GUIREQProduct_3=on&maxJourneys=10&start=Show
PL,Węgliniec,https://old.rozklad-pkp.pl/bin/stboard.exe/en?ld=mobil&protocol=https:&,15.223088,51.290102,5105180,POST,input=5100068&REQStationS0F=excludeStationAttribute%3BM-&disableEquivs=yes&selectDate=today&boardType=dep&advancedProductMode=&GUIREQProduct_0=on&GUIREQProduct_1=on&GUIREQProduct_2=on&GUIREQProduct_3=on&maxJourneys=10&start=Show
PL,Władysławowo,https://old.rozklad-pkp.pl/bin/stboard.exe/en?ld=mobil&protocol=https:&,18.401763,54.794098,5100674,POST,input=5104061&REQStationS0F=excludeStationAttribute%3BM-&disableEquivs=yes&selectDate=today&boardType=dep&advancedProductMode=&GUIREQProduct_0=on&GUIREQProduct_1=on&GUIREQProduct_2=on&GUIREQProduct_3=on&maxJourneys=10&start=Show
PL,Włocławek,https://old.rozklad-pkp.pl/bin/stboard.exe/en?ld=mobil&protocol=https:&,19.059189,52.652481,5102160,POST,input=5100315&REQStationS0F=excludeStationAttribute%3BM-&disableEquivs=yes&selectDate=today&boardType=dep&advancedProductMode=&GUIREQProduct_0=on&GUIREQProduct_1=on&GUIREQProduct_2=on&GUIREQProduct_3=on&maxJourneys=10&start=Show
PL,Wrocław Nadodrze,https://old.rozklad-pkp.pl/bin/stboard.exe/en?ld=mobil&protocol=https:&,17.032356,51.125887,5105910,POST,input=5100255&REQStationS0F=excludeStationAttribute%3BM-&disableEquivs=yes&selectDate=today&boardType=dep&advancedProductMode=&GUIREQProduct_0=on&GUIREQProduct_1=on&GUIREQProduct_2=on&GUIREQProduct_3=on&maxJourneys=10&start=Show
PL,Wysoka Kamieńska,https://old.rozklad-pkp.pl/bin/stboard.exe/en?ld=mobil&protocol=https:&,14.832578,53.824944,5100156,POST,input=5100221&REQStationS0F=excludeStationAttribute%3BM-&disableEquivs=yes&selectDate=today&boardType=dep&advancedProductMode=&GUIREQProduct_0=on&GUIREQProduct_1=on&GUIREQProduct_2=on&GUIREQProduct_3=on&maxJourneys=10&start=Show
PL,Zabrze,https://old.rozklad-pkp.pl/bin/stboard.exe/en?ld=mobil&protocol=https:&,18.786942,50.30528,5106982,POST,input=5100070&REQStationS0F=excludeStationAttribute%3BM-&disableEquivs=yes&selectDate=today&boardType=dep&advancedProductMode=&GUIREQProduct_0=on&GUIREQProduct_1=on&GUIREQProduct_2=on&GUIREQProduct_3=on&maxJourneys=10&start=Show
PL,Żagań,https://old.rozklad-pkp.pl/bin/stboard.exe/en?ld=mobil&protocol=https:&,15.315623,51.604248,5104120,POST,input=5100211&REQStationS0F=excludeStationAttribute%3BM-&disableEquivs=yes&selectDate=today&boardType=dep&advancedProductMode=&GUIREQProduct_0=on&GUIREQProduct_1=on&GUIREQProduct_2=on&GUIREQProduct_3=on&maxJourneys=10&start=Show
PL,Zakopane,https://old.rozklad-pkp.pl/bin/stboard.exe/en?ld=mobil&protocol=https:&,19.963387,49.300448,5107902,POST,input=5100158&REQStationS0F=excludeStationAttribute%3BM-&disableEquivs=yes&selectDate=today&boardType=dep&advancedProductMode=&GUIREQProduct_0=on&GUIREQProduct_1=on&GUIREQProduct_2=on&GUIREQProduct_3=on&maxJourneys=10&start=Show
PL,Zamość,https://old.rozklad-pkp.pl/bin/stboard.exe/en?ld=mobil&protocol=https:&,23.239209,50.713552,5106590,POST,input=5104366&REQStationS0F=excludeStationAttribute%3BM-&disableEquivs=yes&selectDate=today&boardType=dep&advancedProductMode=&GUIREQProduct_0=on&GUIREQProduct_1=on&GUIREQProduct_2=on&GUIREQProduct_3=on&maxJourneys=10&start=Show
PL,Zawiercie,https://old.rozklad-pkp.pl/bin/stboard.exe/en?ld=mobil&protocol=https:&,19.422992,50.481019,5107530,POST,input=5100212&REQStationS0F=excludeStationAttribute%3BM-&disableEquivs=yes&selectDate=today&boardType=dep&advancedProductMode=&GUIREQProduct_0=on&GUIREQProduct_1=on&GUIREQProduct_2=on&GUIREQProduct_3=on&maxJourneys=10&start=Show
PL,Zgorzelec,https://old.rozklad-pkp.pl/bin/stboard.exe/en?ld=mobil&protocol=https:&,15.003544,51.140027,5105184,POST,input=5100085&REQStationS0F=excludeStationAttribute%3BM-&disableEquivs=yes&selectDate=today&boardType=dep&advancedProductMode=&GUIREQProduct_0=on&GUIREQProduct_1=on&GUIREQProduct_2=on&GUIREQProduct_3=on&maxJourneys=10&start=Show
PL,Zielona Góra,https://old.rozklad-pkp.pl/bin/stboard.exe/en?ld=mobil&protocol=https:&,15.513709,51.947439,5102780,POST,input=5100222&REQStationS0F=excludeStationAttribute%3BM-&disableEquivs=yes&selectDate=today&boardType=dep&advancedProductMode=&GUIREQProduct_0=on&GUIREQProduct_1=on&GUIREQProduct_2=on&GUIREQProduct_3=on&maxJourneys=10&start=Show
