CZ,Vejprty (Gr),https://idos.cz/vlakyautobusymhdvse/odjezdy/vysledky/?f=Vejprty (Gr),13.034103,50.500984
CZ,Brno hl.n.,https://idos.cz/vlakyautobusymhdvse/odjezdy/vysledky/?f=Brno hl.n.,16.612775,49.190537
CZ,Děčín hl.n.,https://idos.cz/vlakyautobusymhdvse/odjezdy/vysledky/?f=Děčín hl.n.,14.201248,50.773411
CZ,Karlovy Vary,https://idos.cz/vlakyautobusymhdvse/odjezdy/vysledky/?f=Karlovy Vary,12.866853,50.235668
CZ,Liberec,https://idos.cz/vlakyautobusymhdvse/odjezdy/vysledky/?f=Liberec,15.045946,50.761429
CZ,Olomouc hl.n.,https://idos.cz/vlakyautobusymhdvse/odjezdy/vysledky/?f=Olomouc hl.n.,17.277932,49.593128
CZ,Praha hl.n.,https://idos.cz/vlakyautobusymhdvse/odjezdy/vysledky/?f=Praha hl.n.,14.436037,50.083058
CZ,Teplice v Čechách,https://idos.cz/vlakyautobusymhdvse/odjezdy/vysledky/?f=Teplice v Čechách,13.828807,50.646762
CZ,Ústí nad Labem hl.n.,https://idos.cz/vlakyautobusymhdvse/odjezdy/vysledky/?f=Ústí nad Labem hl.n.,14.044728,50.659563
CZ,Praha,https://idos.cz/vlakyautobusymhdvse/odjezdy/vysledky/?f=Praha,14.451481,50.081925
CZ,Praha hl.n. Wilsonova,https://idos.cz/vlakyautobusymhdvse/odjezdy/vysledky/?f=Praha hl.n. Wilsonova,14.434617,50.083372
CZ,Plzeň hl.n.,https://idos.cz/vlakyautobusymhdvse/odjezdy/vysledky/?f=Plzeň hl.n.,13.388246,49.743167
CZ,Kolín,https://idos.cz/vlakyautobusymhdvse/odjezdy/vysledky/?f=Kolín,15.213532,50.025401
CZ,Česka Lípa hl.n.,https://idos.cz/vlakyautobusymhdvse/odjezdy/vysledky/?f=Česka Lípa hl.n.,14.54095,50.679079
CZ,Praha-Libeň,https://idos.cz/vlakyautobusymhdvse/odjezdy/vysledky/?f=Praha-Libeň,14.501434,50.101261
CZ,Pardubice hl.n.,https://idos.cz/vlakyautobusymhdvse/odjezdy/vysledky/?f=Pardubice hl.n.,15.75871,50.031262
CZ,Praha-Holešovice,https://idos.cz/vlakyautobusymhdvse/odjezdy/vysledky/?f=Praha-Holešovice,14.44001,50.110214
CZ,Praha-Smíchov,https://idos.cz/vlakyautobusymhdvse/odjezdy/vysledky/?f=Praha-Smíchov,14.408872,50.061484
CZ,Praha-Vršovice,https://idos.cz/vlakyautobusymhdvse/odjezdy/vysledky/?f=Praha-Vršovice,14.457063,50.061169
CZ,Praha-Dejvice,https://idos.cz/vlakyautobusymhdvse/odjezdy/vysledky/?f=Praha-Dejvice,14.399685,50.097288
CZ,Nove Údolí,https://idos.cz/vlakyautobusymhdvse/odjezdy/vysledky/?f=Nove Údolí,13.795565,48.831481
CZ,Praha-Bubeneč,https://idos.cz/vlakyautobusymhdvse/odjezdy/vysledky/?f=Praha-Bubeneč,14.408629,50.107329
CZ,Praha-Bubny,https://idos.cz/vlakyautobusymhdvse/odjezdy/vysledky/?f=Praha-Bubny,14.424064,50.100389
CZ,Praha-Smíchov sev.n.,https://idos.cz/vlakyautobusymhdvse/odjezdy/vysledky/?f=Praha-Smíchov sev.n.,14.406364,50.063228
CZ,Praha-Strašnice zastávka,https://idos.cz/vlakyautobusymhdvse/odjezdy/vysledky/?f=Praha-Strašnice zastávka,14.495896,50.062967
CZ,Praha-Zbraslav,https://idos.cz/vlakyautobusymhdvse/odjezdy/vysledky/?f=Praha-Zbraslav,14.402355,49.96814
CZ,Praha Nádraží Holešovice (M),https://idos.cz/vlakyautobusymhdvse/odjezdy/vysledky/?f=Praha Nádraží Holešovice (M),14.44001,50.110214
CZ,Praha Smíchovské nádraží (M),https://idos.cz/vlakyautobusymhdvse/odjezdy/vysledky/?f=Praha Smíchovské nádraží (M),14.407811,50.060783
CZ,Praha Náměstí Republiky (M),https://idos.cz/vlakyautobusymhdvse/odjezdy/vysledky/?f=Praha Náměstí Republiky (M),14.432451,50.08837
CZ,Klatovy,https://idos.cz/vlakyautobusymhdvse/odjezdy/vysledky/?f=Klatovy,13.27411,49.401487
CZ,Břeclav,https://idos.cz/vlakyautobusymhdvse/odjezdy/vysledky/?f=Břeclav,16.893239,48.753904
CZ,Domažlice,https://idos.cz/vlakyautobusymhdvse/odjezdy/vysledky/?f=Domažlice,12.944583,49.434693
CZ,Cheb,https://idos.cz/vlakyautobusymhdvse/odjezdy/vysledky/?f=Cheb,12.380699,50.073493
CZ,Praha Masarykovo n.,https://idos.cz/vlakyautobusymhdvse/odjezdy/vysledky/?f=Praha Masarykovo n.,14.433003,50.087734
CZ,Chomutov,https://idos.cz/vlakyautobusymhdvse/odjezdy/vysledky/?f=Chomutov,13.39958,50.4566
CZ,Adamov,https://idos.cz/vlakyautobusymhdvse/odjezdy/vysledky/?f=Adamov,16.662894,49.295649
CZ,Bakov nad Jizerou,https://idos.cz/vlakyautobusymhdvse/odjezdy/vysledky/?f=Bakov nad Jizerou,14.939258,50.479032
CZ,Bělá pod Bezdězem,https://idos.cz/vlakyautobusymhdvse/odjezdy/vysledky/?f=Bělá pod Bezdězem,14.835583,50.488382
CZ,Bělčice,https://idos.cz/vlakyautobusymhdvse/odjezdy/vysledky/?f=Bělčice,13.885902,49.504267
CZ,Benešov nad Ploučnicí,https://idos.cz/vlakyautobusymhdvse/odjezdy/vysledky/?f=Benešov nad Ploučnicí,14.304971,50.7386
CZ,Benešov u Prahy,https://idos.cz/vlakyautobusymhdvse/odjezdy/vysledky/?f=Benešov u Prahy,14.683052,49.779843
CZ,Beroun,https://idos.cz/vlakyautobusymhdvse/odjezdy/vysledky/?f=Beroun,14.075787,49.957493
CZ,Bílina,https://idos.cz/vlakyautobusymhdvse/odjezdy/vysledky/?f=Bílina,13.772829,50.554124
CZ,Blansko,https://idos.cz/vlakyautobusymhdvse/odjezdy/vysledky/?f=Blansko,16.644475,49.35415
CZ,Blatná,https://idos.cz/vlakyautobusymhdvse/odjezdy/vysledky/?f=Blatná,13.872879,49.43084
CZ,Blatno u Jesenice,https://idos.cz/vlakyautobusymhdvse/odjezdy/vysledky/?f=Blatno u Jesenice,13.390159,50.100062
CZ,Blížejov,https://idos.cz/vlakyautobusymhdvse/odjezdy/vysledky/?f=Blížejov,12.994872,49.501404
CZ,Bludov,https://idos.cz/vlakyautobusymhdvse/odjezdy/vysledky/?f=Bludov,16.938552,49.927767
CZ,Bludov lázně,https://idos.cz/vlakyautobusymhdvse/odjezdy/vysledky/?f=Bludov lázně,16.90252,49.941297
CZ,Bělotín,https://idos.cz/vlakyautobusymhdvse/odjezdy/vysledky/?f=Bělotín,17.799242,49.584363
CZ,Biskupice u Luhačovic,https://idos.cz/vlakyautobusymhdvse/odjezdy/vysledky/?f=Biskupice u Luhačovic,17.716619,49.077194
CZ,Blažovice,https://idos.cz/vlakyautobusymhdvse/odjezdy/vysledky/?f=Blažovice,16.798843,49.163912
CZ,Bohutice,https://idos.cz/vlakyautobusymhdvse/odjezdy/vysledky/?f=Bohutice,16.356028,48.987959
CZ,Bojkovice,https://idos.cz/vlakyautobusymhdvse/odjezdy/vysledky/?f=Bojkovice,17.79555,49.035985
CZ,Branná,https://idos.cz/vlakyautobusymhdvse/odjezdy/vysledky/?f=Branná,17.014842,50.147004
CZ,Bohuslavice u Kyjova,https://idos.cz/vlakyautobusymhdvse/odjezdy/vysledky/?f=Bohuslavice u Kyjova,17.11918,49.054471
CZ,Brankovice,https://idos.cz/vlakyautobusymhdvse/odjezdy/vysledky/?f=Brankovice,17.133729,49.150354
CZ,Brniště,https://idos.cz/vlakyautobusymhdvse/odjezdy/vysledky/?f=Brniště,14.728819,50.716476
CZ,Brno-Slatina,https://idos.cz/vlakyautobusymhdvse/odjezdy/vysledky/?f=Brno-Slatina,16.682704,49.16831
CZ,Brno-Královo Pole,https://idos.cz/vlakyautobusymhdvse/odjezdy/vysledky/?f=Brno-Královo Pole,16.596175,49.23055
CZ,Bruntál,https://idos.cz/vlakyautobusymhdvse/odjezdy/vysledky/?f=Bruntál,17.474369,49.993842
CZ,Břest Nadrazi,https://idos.cz/vlakyautobusymhdvse/odjezdy/vysledky/?f=Břest Nadrazi,17.45536,49.349315
CZ,Březno u Chomutova,https://idos.cz/vlakyautobusymhdvse/odjezdy/vysledky/?f=Březno u Chomutova,13.421118,50.396153
CZ,Brumov,https://idos.cz/vlakyautobusymhdvse/odjezdy/vysledky/?f=Brumov,16.426646,49.461739
CZ,Březnice,https://idos.cz/vlakyautobusymhdvse/odjezdy/vysledky/?f=Březnice,13.963859,49.558057
CZ,Bučovice,https://idos.cz/vlakyautobusymhdvse/odjezdy/vysledky/?f=Bučovice,16.999554,49.145653
CZ,Bylnice,https://idos.cz/vlakyautobusymhdvse/odjezdy/vysledky/?f=Bylnice,18.014216,49.067458
CZ,Bystrice pod Hostýnem,https://idos.cz/vlakyautobusymhdvse/odjezdy/vysledky/?f=Bystrice pod Hostýnem,17.665671,49.393203
CZ,Bzenec,https://idos.cz/vlakyautobusymhdvse/odjezdy/vysledky/?f=Bzenec,17.263244,48.969183
CZ,Mariánské Lázně,https://idos.cz/vlakyautobusymhdvse/odjezdy/vysledky/?f=Mariánské Lázně,12.695051,49.957058
CZ,Čáslav,https://idos.cz/vlakyautobusymhdvse/odjezdy/vysledky/?f=Čáslav,15.394518,49.914973
CZ,Častolovice,https://idos.cz/vlakyautobusymhdvse/odjezdy/vysledky/?f=Častolovice,16.173844,50.128352
CZ,Čerčany,https://idos.cz/vlakyautobusymhdvse/odjezdy/vysledky/?f=Čerčany,14.702051,49.851434
CZ,Česka Kamenice,https://idos.cz/vlakyautobusymhdvse/odjezdy/vysledky/?f=Česka Kamenice,14.414092,50.795868
CZ,Bohumín,https://idos.cz/vlakyautobusymhdvse/odjezdy/vysledky/?f=Bohumín,18.35892,49.901053
CZ,Česka Metuje,https://idos.cz/vlakyautobusymhdvse/odjezdy/vysledky/?f=Česka Metuje,16.184631,50.55234
CZ,České Velenice,https://idos.cz/vlakyautobusymhdvse/odjezdy/vysledky/?f=České Velenice,14.957364,48.769623
CZ,Česky Těšín,https://idos.cz/vlakyautobusymhdvse/odjezdy/vysledky/?f=Česky Těšín,18.622847,49.743626
CZ,Číčenice,https://idos.cz/vlakyautobusymhdvse/odjezdy/vysledky/?f=Číčenice,14.221632,49.153576
CZ,Čimelice,https://idos.cz/vlakyautobusymhdvse/odjezdy/vysledky/?f=Čimelice,14.076594,49.470355
CZ,Čížova,https://idos.cz/vlakyautobusymhdvse/odjezdy/vysledky/?f=Čížova,14.097735,49.353744
CZ,Chlumec nad Cidlinou,https://idos.cz/vlakyautobusymhdvse/odjezdy/vysledky/?f=Chlumec nad Cidlinou,15.457187,50.163555
CZ,Choceň,https://idos.cz/vlakyautobusymhdvse/odjezdy/vysledky/?f=Choceň,16.22398,49.993758
CZ,Chodov,https://idos.cz/vlakyautobusymhdvse/odjezdy/vysledky/?f=Chodov,14.490891,50.031596
CZ,Chomutov Město,https://idos.cz/vlakyautobusymhdvse/odjezdy/vysledky/?f=Chomutov Město,13.414047,50.469866
CZ,Chotěboř,https://idos.cz/vlakyautobusymhdvse/odjezdy/vysledky/?f=Chotěboř,15.682627,49.711926
CZ,Chrast u Chrudimi,https://idos.cz/vlakyautobusymhdvse/odjezdy/vysledky/?f=Chrast u Chrudimi,15.910726,49.901399
CZ,Chrudim,https://idos.cz/vlakyautobusymhdvse/odjezdy/vysledky/?f=Chrudim,15.787034,49.948249
CZ,Dětmarovice,https://idos.cz/vlakyautobusymhdvse/odjezdy/vysledky/?f=Dětmarovice,18.466075,49.900106
CZ,Děčín Východ,https://idos.cz/vlakyautobusymhdvse/odjezdy/vysledky/?f=Děčín Východ,14.223098,50.77591
CZ,Dobronín,https://idos.cz/vlakyautobusymhdvse/odjezdy/vysledky/?f=Dobronín,15.641905,49.478235
CZ,Dobřany,https://idos.cz/vlakyautobusymhdvse/odjezdy/vysledky/?f=Dobřany,13.303154,49.656505
CZ,Dolní Lipka,https://idos.cz/vlakyautobusymhdvse/odjezdy/vysledky/?f=Dolní Lipka,16.7214,50.089319
CZ,Dolní Žleb,https://idos.cz/vlakyautobusymhdvse/odjezdy/vysledky/?f=Dolní Žleb,14.215436,50.846135
CZ,Domašov nad Bystrici,https://idos.cz/vlakyautobusymhdvse/odjezdy/vysledky/?f=Domašov nad Bystrici,17.444527,49.740171
CZ,Doudleby nad Orlici,https://idos.cz/vlakyautobusymhdvse/odjezdy/vysledky/?f=Doudleby nad Orlici,16.258282,50.109584
CZ,Duchcov,https://idos.cz/vlakyautobusymhdvse/odjezdy/vysledky/?f=Duchcov,13.754508,50.617455
CZ,Dvůr Králové nad Labem,https://idos.cz/vlakyautobusymhdvse/odjezdy/vysledky/?f=Dvůr Králové nad Labem,15.798301,50.413802
CZ,Drahotuse,https://idos.cz/vlakyautobusymhdvse/odjezdy/vysledky/?f=Drahotuse,17.682486,49.552404
CZ,Františkovy Lázně,https://idos.cz/vlakyautobusymhdvse/odjezdy/vysledky/?f=Františkovy Lázně,12.355322,50.124453
CZ,Frenštát pod Radhoštěm,https://idos.cz/vlakyautobusymhdvse/odjezdy/vysledky/?f=Frenštát pod Radhoštěm,18.223471,49.542222
CZ,Frydek-Mistek,https://idos.cz/vlakyautobusymhdvse/odjezdy/vysledky/?f=Frydek-Mistek,18.353617,49.677797
CZ,Frýdlant nad Ostravici,https://idos.cz/vlakyautobusymhdvse/odjezdy/vysledky/?f=Frýdlant nad Ostravici,18.353833,49.589343
CZ,Golčův Jeníkov Město,https://idos.cz/vlakyautobusymhdvse/odjezdy/vysledky/?f=Golčův Jeníkov Město,15.473545,49.821867
CZ,Zlín Střed,https://idos.cz/vlakyautobusymhdvse/odjezdy/vysledky/?f=Zlín Střed,17.658176,49.226386
CZ,Zlín-Louky,https://idos.cz/vlakyautobusymhdvse/odjezdy/vysledky/?f=Zlín-Louky,17.623693,49.216489
CZ,Zlín-Malenovice,https://idos.cz/vlakyautobusymhdvse/odjezdy/vysledky/?f=Zlín-Malenovice,17.599359,49.20981
CZ,Zlín-Malenovice Zastávka,https://idos.cz/vlakyautobusymhdvse/odjezdy/vysledky/?f=Zlín-Malenovice Zastávka,17.573794,49.20554
CZ,Zlin-Prstne,https://idos.cz/vlakyautobusymhdvse/odjezdy/vysledky/?f=Zlin-Prstne,17.64062,49.219932
CZ,Hanušovice,https://idos.cz/vlakyautobusymhdvse/odjezdy/vysledky/?f=Hanušovice,16.929483,50.071704
CZ,Havířov,https://idos.cz/vlakyautobusymhdvse/odjezdy/vysledky/?f=Havířov,18.412038,49.791753
CZ,Havlíčkův Brod,https://idos.cz/vlakyautobusymhdvse/odjezdy/vysledky/?f=Havlíčkův Brod,15.5876,49.599258
CZ,Hlinsko v Čechách,https://idos.cz/vlakyautobusymhdvse/odjezdy/vysledky/?f=Hlinsko v Čechách,15.901962,49.766521
CZ,Hluboká nad Vltavou-Zámostí,https://idos.cz/vlakyautobusymhdvse/odjezdy/vysledky/?f=Hluboká nad Vltavou-Zámostí,14.464156,49.05062
CZ,Hodkovice nad Mohelkou,https://idos.cz/vlakyautobusymhdvse/odjezdy/vysledky/?f=Hodkovice nad Mohelkou,15.099999,50.667689
CZ,Hodonín,https://idos.cz/vlakyautobusymhdvse/odjezdy/vysledky/?f=Hodonín,17.122598,48.856615
CZ,Holešov,https://idos.cz/vlakyautobusymhdvse/odjezdy/vysledky/?f=Holešov,17.570899,49.327155
CZ,Holýšov,https://idos.cz/vlakyautobusymhdvse/odjezdy/vysledky/?f=Holýšov,13.101373,49.59755
CZ,Horažďovice Předměstí,https://idos.cz/vlakyautobusymhdvse/odjezdy/vysledky/?f=Horažďovice Předměstí,13.739373,49.331254
CZ,Horní Cerekev,https://idos.cz/vlakyautobusymhdvse/odjezdy/vysledky/?f=Horní Cerekev,15.324594,49.311172
CZ,Horní Moštěnice Zastávka,https://idos.cz/vlakyautobusymhdvse/odjezdy/vysledky/?f=Horní Moštěnice Zastávka,17.452529,49.415546
CZ,Horní Branná,https://idos.cz/vlakyautobusymhdvse/odjezdy/vysledky/?f=Horní Branná,15.587034,50.596728
CZ,Horní Lideč,https://idos.cz/vlakyautobusymhdvse/odjezdy/vysledky/?f=Horní Lideč,18.058313,49.188748
CZ,Horní Lipova,https://idos.cz/vlakyautobusymhdvse/odjezdy/vysledky/?f=Horní Lipova,17.08283,50.224557
CZ,Horní Suchá,https://idos.cz/vlakyautobusymhdvse/odjezdy/vysledky/?f=Horní Suchá,18.48841,49.792985
CZ,Hořice v Podkrkonoší,https://idos.cz/vlakyautobusymhdvse/odjezdy/vysledky/?f=Hořice v Podkrkonoší,15.634956,50.356276
CZ,Hořovice,https://idos.cz/vlakyautobusymhdvse/odjezdy/vysledky/?f=Hořovice,13.899183,49.843325
CZ,Hostinné,https://idos.cz/vlakyautobusymhdvse/odjezdy/vysledky/?f=Hostinné,15.73799,50.53668
CZ,Hradčovice,https://idos.cz/vlakyautobusymhdvse/odjezdy/vysledky/?f=Hradčovice,17.574693,49.044381
CZ,Hladké Životice,https://idos.cz/vlakyautobusymhdvse/odjezdy/vysledky/?f=Hladké Životice,17.985122,49.677941
CZ,Hradec Králové hlavní nádraží,https://idos.cz/vlakyautobusymhdvse/odjezdy/vysledky/?f=Hradec Králové hlavní nádraží,15.809868,50.214444
CZ,Hrádek nad Nisou,https://idos.cz/vlakyautobusymhdvse/odjezdy/vysledky/?f=Hrádek nad Nisou,14.847599,50.855006
CZ,Hranice na Moravě,https://idos.cz/vlakyautobusymhdvse/odjezdy/vysledky/?f=Hranice na Moravě,17.741596,49.565549
CZ,Hronov,https://idos.cz/vlakyautobusymhdvse/odjezdy/vysledky/?f=Hronov,16.176726,50.473199
CZ,Hrubá Voda,https://idos.cz/vlakyautobusymhdvse/odjezdy/vysledky/?f=Hrubá Voda,17.438596,49.669779
CZ,Hrušovany nad Jevišovkou,https://idos.cz/vlakyautobusymhdvse/odjezdy/vysledky/?f=Hrušovany nad Jevišovkou,16.383613,48.810248
CZ,Hulín,https://idos.cz/vlakyautobusymhdvse/odjezdy/vysledky/?f=Hulín,17.476818,49.316251
CZ,Ivanovice na Hané,https://idos.cz/vlakyautobusymhdvse/odjezdy/vysledky/?f=Ivanovice na Hané,17.088089,49.306561
CZ,Jablonné nad Orlici,https://idos.cz/vlakyautobusymhdvse/odjezdy/vysledky/?f=Jablonné nad Orlici,16.594365,50.0263
CZ,Jablonné v Podještědí,https://idos.cz/vlakyautobusymhdvse/odjezdy/vysledky/?f=Jablonné v Podještědí,14.758121,50.769447
CZ,Jablunkov,https://idos.cz/vlakyautobusymhdvse/odjezdy/vysledky/?f=Jablunkov,18.754635,49.589955
CZ,Jaroměř,https://idos.cz/vlakyautobusymhdvse/odjezdy/vysledky/?f=Jaroměř,15.911311,50.342109
CZ,Jaroměřice nad Rokytnou,https://idos.cz/vlakyautobusymhdvse/odjezdy/vysledky/?f=Jaroměřice nad Rokytnou,15.865583,49.094146
CZ,Jedlová,https://idos.cz/vlakyautobusymhdvse/odjezdy/vysledky/?f=Jedlová,14.570327,50.842736
CZ,Jeřmanice,https://idos.cz/vlakyautobusymhdvse/odjezdy/vysledky/?f=Jeřmanice,15.08638,50.707422
CZ,Jeseník,https://idos.cz/vlakyautobusymhdvse/odjezdy/vysledky/?f=Jeseník,17.194135,50.227847
CZ,Jeseník nad Odrou,https://idos.cz/vlakyautobusymhdvse/odjezdy/vysledky/?f=Jeseník nad Odrou,17.902008,49.615295
CZ,Jestřabice,https://idos.cz/vlakyautobusymhdvse/odjezdy/vysledky/?f=Jestřabice,17.112764,49.088959
CZ,Jistebník,https://idos.cz/vlakyautobusymhdvse/odjezdy/vysledky/?f=Jistebník,18.151081,49.749145
CZ,Jičín,https://idos.cz/vlakyautobusymhdvse/odjezdy/vysledky/?f=Jičín,15.361216,50.430419
CZ,Jindřichov na Moravě,https://idos.cz/vlakyautobusymhdvse/odjezdy/vysledky/?f=Jindřichov na Moravě,16.990088,50.099652
CZ,Jihlava,https://idos.cz/vlakyautobusymhdvse/odjezdy/vysledky/?f=Jihlava,15.599044,49.414449
CZ,Jince,https://idos.cz/vlakyautobusymhdvse/odjezdy/vysledky/?f=Jince,13.987404,49.782162
CZ,Jindřichov ve Slezsku,https://idos.cz/vlakyautobusymhdvse/odjezdy/vysledky/?f=Jindřichov ve Slezsku,17.538574,50.248576
CZ,Jindřichův Hradec,https://idos.cz/vlakyautobusymhdvse/odjezdy/vysledky/?f=Jindřichův Hradec,15.004848,49.155218
CZ,Jirkov Zastávka,https://idos.cz/vlakyautobusymhdvse/odjezdy/vysledky/?f=Jirkov Zastávka,13.447664,50.485694
CZ,Kadaň,https://idos.cz/vlakyautobusymhdvse/odjezdy/vysledky/?f=Kadaň,13.258145,50.411344
CZ,Kalná Voda,https://idos.cz/vlakyautobusymhdvse/odjezdy/vysledky/?f=Kalná Voda,15.872801,50.600387
CZ,Karlovy Vary-Dvory,https://idos.cz/vlakyautobusymhdvse/odjezdy/vysledky/?f=Karlovy Vary-Dvory,12.831409,50.228818
CZ,Karviná hlavní nádraží,https://idos.cz/vlakyautobusymhdvse/odjezdy/vysledky/?f=Karviná hlavní nádraží,18.527046,49.855469
CZ,Kladno,https://idos.cz/vlakyautobusymhdvse/odjezdy/vysledky/?f=Kladno,14.113405,50.127923
CZ,Klášterec nad Ohři,https://idos.cz/vlakyautobusymhdvse/odjezdy/vysledky/?f=Klášterec nad Ohři,13.196389,50.385014
CZ,Kojetín,https://idos.cz/vlakyautobusymhdvse/odjezdy/vysledky/?f=Kojetín,17.304702,49.345421
CZ,Kopidlno,https://idos.cz/vlakyautobusymhdvse/odjezdy/vysledky/?f=Kopidlno,15.260465,50.333965
CZ,Kostelec u Jihlavy,https://idos.cz/vlakyautobusymhdvse/odjezdy/vysledky/?f=Kostelec u Jihlavy,15.48213,49.357215
CZ,Kostelec nad Orlici Město,https://idos.cz/vlakyautobusymhdvse/odjezdy/vysledky/?f=Kostelec nad Orlici Město,16.205123,50.119779
CZ,Krásna Lípa,https://idos.cz/vlakyautobusymhdvse/odjezdy/vysledky/?f=Krásna Lípa,14.512293,50.919019
CZ,Kralupy nad Vltavou,https://idos.cz/vlakyautobusymhdvse/odjezdy/vysledky/?f=Kralupy nad Vltavou,14.313469,50.238724
CZ,Krnov,https://idos.cz/vlakyautobusymhdvse/odjezdy/vysledky/?f=Krnov,17.683274,50.089269
CZ,Kroměříž,https://idos.cz/vlakyautobusymhdvse/odjezdy/vysledky/?f=Kroměříž,17.403394,49.302327
CZ,Křinec,https://idos.cz/vlakyautobusymhdvse/odjezdy/vysledky/?f=Křinec,15.143605,50.265988
CZ,Křižanov,https://idos.cz/vlakyautobusymhdvse/odjezdy/vysledky/?f=Křižanov,16.08038,49.384767
CZ,Kunčice nad Labem,https://idos.cz/vlakyautobusymhdvse/odjezdy/vysledky/?f=Kunčice nad Labem,15.62291,50.583757
CZ,Kunovice,https://idos.cz/vlakyautobusymhdvse/odjezdy/vysledky/?f=Kunovice,17.470067,49.05195
CZ,Kunovice-Loucká,https://idos.cz/vlakyautobusymhdvse/odjezdy/vysledky/?f=Kunovice-Loucká,17.818795,49.440194
CZ,Kunovice Zastávka,https://idos.cz/vlakyautobusymhdvse/odjezdy/vysledky/?f=Kunovice Zastávka,17.460988,49.038233
CZ,Křenovice dolní nádraží,https://idos.cz/vlakyautobusymhdvse/odjezdy/vysledky/?f=Křenovice dolní nádraží,16.833487,49.145177
CZ,Kutna Hora hlavní nádraží,https://idos.cz/vlakyautobusymhdvse/odjezdy/vysledky/?f=Kutna Hora hlavní nádraží,15.300853,49.961838
CZ,Kyjov,https://idos.cz/vlakyautobusymhdvse/odjezdy/vysledky/?f=Kyjov,17.122841,49.016218
CZ,Kyjov Zastávka,https://idos.cz/vlakyautobusymhdvse/odjezdy/vysledky/?f=Kyjov Zastávka,17.12285,49.003867
CZ,Křižanovice,https://idos.cz/vlakyautobusymhdvse/odjezdy/vysledky/?f=Křižanovice,16.93449,49.14506
CZ,Lázně Bělohrad,https://idos.cz/vlakyautobusymhdvse/odjezdy/vysledky/?f=Lázně Bělohrad,15.57738,50.426095
CZ,Lázně Kynžvart,https://idos.cz/vlakyautobusymhdvse/odjezdy/vysledky/?f=Lázně Kynžvart,12.614211,49.993256
CZ,Letohrad,https://idos.cz/vlakyautobusymhdvse/odjezdy/vysledky/?f=Letohrad,16.507592,50.031514
CZ,Letovice,https://idos.cz/vlakyautobusymhdvse/odjezdy/vysledky/?f=Letovice,16.571056,49.555436
CZ,Libuň,https://idos.cz/vlakyautobusymhdvse/odjezdy/vysledky/?f=Libuň,15.303361,50.489937
CZ,Lichkov,https://idos.cz/vlakyautobusymhdvse/odjezdy/vysledky/?f=Lichkov,16.658629,50.097234
CZ,Lipník nad Bečvou,https://idos.cz/vlakyautobusymhdvse/odjezdy/vysledky/?f=Lipník nad Bečvou,17.572652,49.529259
CZ,Lipova Lázně,https://idos.cz/vlakyautobusymhdvse/odjezdy/vysledky/?f=Lipova Lázně,17.131713,50.228683
CZ,Lipova Lázně Zastávka,https://idos.cz/vlakyautobusymhdvse/odjezdy/vysledky/?f=Lipova Lázně Zastávka,17.160101,50.229681
CZ,Litoměřice horní nádraží,https://idos.cz/vlakyautobusymhdvse/odjezdy/vysledky/?f=Litoměřice horní nádraží,14.131609,50.540995
CZ,Litoměřice Město,https://idos.cz/vlakyautobusymhdvse/odjezdy/vysledky/?f=Litoměřice Město,14.138836,50.532483
CZ,Lochovice,https://idos.cz/vlakyautobusymhdvse/odjezdy/vysledky/?f=Lochovice,13.974297,49.846426
CZ,Lomnice nad Popelkou,https://idos.cz/vlakyautobusymhdvse/odjezdy/vysledky/?f=Lomnice nad Popelkou,15.374295,50.526846
CZ,Louny,https://idos.cz/vlakyautobusymhdvse/odjezdy/vysledky/?f=Louny,13.823207,50.361292
CZ,Louny Předměstí,https://idos.cz/vlakyautobusymhdvse/odjezdy/vysledky/?f=Louny Předměstí,13.767876,50.343387
CZ,Lovosice,https://idos.cz/vlakyautobusymhdvse/odjezdy/vysledky/?f=Lovosice,14.059587,50.509713
CZ,Luhačovice,https://idos.cz/vlakyautobusymhdvse/odjezdy/vysledky/?f=Luhačovice,17.751637,49.098811
CZ,Luka nad Jihlavou,https://idos.cz/vlakyautobusymhdvse/odjezdy/vysledky/?f=Luka nad Jihlavou,15.709962,49.369575
CZ,Luzná u Rakovníka,https://idos.cz/vlakyautobusymhdvse/odjezdy/vysledky/?f=Luzná u Rakovníka,13.77026,50.144931
CZ,Lysá nad Labem,https://idos.cz/vlakyautobusymhdvse/odjezdy/vysledky/?f=Lysá nad Labem,14.841684,50.195801
CZ,Mala Skala,https://idos.cz/vlakyautobusymhdvse/odjezdy/vysledky/?f=Mala Skala,15.192138,50.634546
CZ,Marefy,https://idos.cz/vlakyautobusymhdvse/odjezdy/vysledky/?f=Marefy,16.973081,49.149438
CZ,Martinice v Krkonoších,https://idos.cz/vlakyautobusymhdvse/odjezdy/vysledky/?f=Martinice v Krkonoších,15.541162,50.580701
CZ,Město Albrechtice,https://idos.cz/vlakyautobusymhdvse/odjezdy/vysledky/?f=Město Albrechtice,17.578639,50.168096
CZ,Mělník,https://idos.cz/vlakyautobusymhdvse/odjezdy/vysledky/?f=Mělník,14.491761,50.353336
CZ,Meziměstí,https://idos.cz/vlakyautobusymhdvse/odjezdy/vysledky/?f=Meziměstí,16.243049,50.626564
CZ,Mikulovice,https://idos.cz/vlakyautobusymhdvse/odjezdy/vysledky/?f=Mikulovice,17.320145,50.302458
CZ,Milevsko,https://idos.cz/vlakyautobusymhdvse/odjezdy/vysledky/?f=Milevsko,14.377832,49.441731
CZ,Milotice nad Opavou,https://idos.cz/vlakyautobusymhdvse/odjezdy/vysledky/?f=Milotice nad Opavou,17.557595,50.014191
CZ,Mimoň,https://idos.cz/vlakyautobusymhdvse/odjezdy/vysledky/?f=Mimoň,14.714703,50.657954
CZ,Miroslav,https://idos.cz/vlakyautobusymhdvse/odjezdy/vysledky/?f=Miroslav,16.36265,48.935495
CZ,Mirovice,https://idos.cz/vlakyautobusymhdvse/odjezdy/vysledky/?f=Mirovice,14.034453,49.50987
CZ,Milín,https://idos.cz/vlakyautobusymhdvse/odjezdy/vysledky/?f=Milín,14.021886,49.632348
CZ,Milovice,https://idos.cz/vlakyautobusymhdvse/odjezdy/vysledky/?f=Milovice,14.88174,50.229106
CZ,Mladá Boleslav hlavní nádraží,https://idos.cz/vlakyautobusymhdvse/odjezdy/vysledky/?f=Mladá Boleslav hlavní nádraží,14.886945,50.407398
CZ,Mnichovo Hradiště,https://idos.cz/vlakyautobusymhdvse/odjezdy/vysledky/?f=Mnichovo Hradiště,14.978545,50.518504
CZ,Moravské Budějovice,https://idos.cz/vlakyautobusymhdvse/odjezdy/vysledky/?f=Moravské Budějovice,15.809373,49.057559
CZ,Moravsky Beroun,https://idos.cz/vlakyautobusymhdvse/odjezdy/vysledky/?f=Moravsky Beroun,17.432501,49.784499
CZ,Moravsky Krumlov,https://idos.cz/vlakyautobusymhdvse/odjezdy/vysledky/?f=Moravsky Krumlov,16.337984,49.046278
CZ,Moravsky Písek,https://idos.cz/vlakyautobusymhdvse/odjezdy/vysledky/?f=Moravsky Písek,17.314977,48.9776
CZ,Most,https://idos.cz/vlakyautobusymhdvse/odjezdy/vysledky/?f=Most,13.657419,50.511214
CZ,Náchod,https://idos.cz/vlakyautobusymhdvse/odjezdy/vysledky/?f=Náchod,16.170659,50.417241
CZ,Namést nad Oslavou,https://idos.cz/vlakyautobusymhdvse/odjezdy/vysledky/?f=Namést nad Oslavou,16.147547,49.206996
CZ,Nepomuk,https://idos.cz/vlakyautobusymhdvse/odjezdy/vysledky/?f=Nepomuk,13.608724,49.497581
CZ,Neratovice,https://idos.cz/vlakyautobusymhdvse/odjezdy/vysledky/?f=Neratovice,14.517498,50.262671
CZ,Nezamyslice,https://idos.cz/vlakyautobusymhdvse/odjezdy/vysledky/?f=Nezamyslice,17.161342,49.335659
CZ,Nezdenice,https://idos.cz/vlakyautobusymhdvse/odjezdy/vysledky/?f=Nezdenice,17.748841,49.022295
CZ,Nemotice,https://idos.cz/vlakyautobusymhdvse/odjezdy/vysledky/?f=Nemotice,17.114373,49.133024
CZ,Nesovice,https://idos.cz/vlakyautobusymhdvse/odjezdy/vysledky/?f=Nesovice,17.080996,49.149195
CZ,Nevojice,https://idos.cz/vlakyautobusymhdvse/odjezdy/vysledky/?f=Nevojice,17.048338,49.137087
CZ,Návojná,https://idos.cz/vlakyautobusymhdvse/odjezdy/vysledky/?f=Návojná,18.044334,49.100357
CZ,Nove Losiny,https://idos.cz/vlakyautobusymhdvse/odjezdy/vysledky/?f=Nove Losiny,17.005658,50.116444
CZ,Nova Paka Město,https://idos.cz/vlakyautobusymhdvse/odjezdy/vysledky/?f=Nova Paka Město,15.512639,50.494557
CZ,Nove Město nad Metuji,https://idos.cz/vlakyautobusymhdvse/odjezdy/vysledky/?f=Nove Město nad Metuji,16.137785,50.353363
CZ,Novy Bydžov,https://idos.cz/vlakyautobusymhdvse/odjezdy/vysledky/?f=Novy Bydžov,15.485833,50.244891
CZ,Nove Sedlo u Lokte,https://idos.cz/vlakyautobusymhdvse/odjezdy/vysledky/?f=Nove Sedlo u Lokte,12.745229,50.214031
CZ,Nymburk hlavní nádraží,https://idos.cz/vlakyautobusymhdvse/odjezdy/vysledky/?f=Nymburk hlavní nádraží,15.045425,50.193391
CZ,Nymburk Město,https://idos.cz/vlakyautobusymhdvse/odjezdy/vysledky/?f=Nymburk Město,15.033505,50.18442
CZ,Nýřany,https://idos.cz/vlakyautobusymhdvse/odjezdy/vysledky/?f=Nýřany,13.209612,49.715057
CZ,Obrataň,https://idos.cz/vlakyautobusymhdvse/odjezdy/vysledky/?f=Obrataň,14.953483,49.42867
CZ,Obrnice,https://idos.cz/vlakyautobusymhdvse/odjezdy/vysledky/?f=Obrnice,13.700531,50.504175
CZ,Okrisky,https://idos.cz/vlakyautobusymhdvse/odjezdy/vysledky/?f=Okrisky,15.770872,49.247969
CZ,Olbramovice,https://idos.cz/vlakyautobusymhdvse/odjezdy/vysledky/?f=Olbramovice,14.624146,49.666956
CZ,Opava Východ,https://idos.cz/vlakyautobusymhdvse/odjezdy/vysledky/?f=Opava Východ,17.908139,49.934745
CZ,Opava Západ,https://idos.cz/vlakyautobusymhdvse/odjezdy/vysledky/?f=Opava Západ,17.888677,49.938619
CZ,Opočno pod Orlickými Horami,https://idos.cz/vlakyautobusymhdvse/odjezdy/vysledky/?f=Opočno pod Orlickými Horami,16.085845,50.278492
CZ,Ostrava-Kunčice,https://idos.cz/vlakyautobusymhdvse/odjezdy/vysledky/?f=Ostrava-Kunčice,18.291924,49.790926
CZ,Ostrava-Svinov,https://idos.cz/vlakyautobusymhdvse/odjezdy/vysledky/?f=Ostrava-Svinov,18.21023,49.821391
CZ,Ostrava-Mariánské Hory,https://idos.cz/vlakyautobusymhdvse/odjezdy/vysledky/?f=Ostrava-Mariánské Hory,18.240344,49.836933
CZ,Ostrava-Vítkovice,https://idos.cz/vlakyautobusymhdvse/odjezdy/vysledky/?f=Ostrava-Vítkovice,18.262898,49.801803
CZ,Ostravice,https://idos.cz/vlakyautobusymhdvse/odjezdy/vysledky/?f=Ostravice,18.393349,49.537655
CZ,Ostroměř,https://idos.cz/vlakyautobusymhdvse/odjezdy/vysledky/?f=Ostroměř,15.54465,50.368978
CZ,Ostrov nad Ohři,https://idos.cz/vlakyautobusymhdvse/odjezdy/vysledky/?f=Ostrov nad Ohři,12.957366,50.301577
CZ,Ostrožská Nova Ves,https://idos.cz/vlakyautobusymhdvse/odjezdy/vysledky/?f=Ostrožská Nova Ves,17.436798,49.009944
CZ,Ostružna,https://idos.cz/vlakyautobusymhdvse/odjezdy/vysledky/?f=Ostružna,17.050559,50.183863
CZ,Otrokovice,https://idos.cz/vlakyautobusymhdvse/odjezdy/vysledky/?f=Otrokovice,17.531706,49.20234
CZ,Pacov,https://idos.cz/vlakyautobusymhdvse/odjezdy/vysledky/?f=Pacov,15.019159,49.459593
CZ,Pelhřimov,https://idos.cz/vlakyautobusymhdvse/odjezdy/vysledky/?f=Pelhřimov,15.222351,49.419438
CZ,Petrovice u Karviné,https://idos.cz/vlakyautobusymhdvse/odjezdy/vysledky/?f=Petrovice u Karviné,18.549474,49.894257
CZ,Písečná,https://idos.cz/vlakyautobusymhdvse/odjezdy/vysledky/?f=Písečná,17.260079,50.278852
CZ,Písek,https://idos.cz/vlakyautobusymhdvse/odjezdy/vysledky/?f=Písek,14.142971,49.296502
CZ,Planá u Mariánských Lázní,https://idos.cz/vlakyautobusymhdvse/odjezdy/vysledky/?f=Planá u Mariánských Lázní,12.730145,49.861294
CZ,Plasy,https://idos.cz/vlakyautobusymhdvse/odjezdy/vysledky/?f=Plasy,13.379922,49.930879
CZ,Plzeň Jižní Předměstí,https://idos.cz/vlakyautobusymhdvse/odjezdy/vysledky/?f=Plzeň Jižní Předměstí,13.36686,49.740344
CZ,Pocatky-Zirovnice,https://idos.cz/vlakyautobusymhdvse/odjezdy/vysledky/?f=Pocatky-Zirovnice,15.212481,49.237029
CZ,Podbořany,https://idos.cz/vlakyautobusymhdvse/odjezdy/vysledky/?f=Podbořany,13.40457,50.223523
CZ,Poděbrady,https://idos.cz/vlakyautobusymhdvse/odjezdy/vysledky/?f=Poděbrady,15.123469,50.149713
CZ,Police nad Metuji,https://idos.cz/vlakyautobusymhdvse/odjezdy/vysledky/?f=Police nad Metuji,16.212108,50.513183
CZ,Polom,https://idos.cz/vlakyautobusymhdvse/odjezdy/vysledky/?f=Polom,17.855777,49.574385
CZ,Polichno,https://idos.cz/vlakyautobusymhdvse/odjezdy/vysledky/?f=Polichno,17.711068,49.068355
CZ,Potštejn,https://idos.cz/vlakyautobusymhdvse/odjezdy/vysledky/?f=Potštejn,16.315448,50.083516
CZ,Potůčník,https://idos.cz/vlakyautobusymhdvse/odjezdy/vysledky/?f=Potůčník,16.963489,50.080082
CZ,Popovice u Uherského Hradiště,https://idos.cz/vlakyautobusymhdvse/odjezdy/vysledky/?f=Popovice u Uherského Hradiště,17.527814,49.046071
CZ,Poteč,https://idos.cz/vlakyautobusymhdvse/odjezdy/vysledky/?f=Poteč,18.042483,49.154256
CZ,Praha-Vysočany,https://idos.cz/vlakyautobusymhdvse/odjezdy/vysledky/?f=Praha-Vysočany,14.497497,50.112318
CZ,Prosenice,https://idos.cz/vlakyautobusymhdvse/odjezdy/vysledky/?f=Prosenice,17.484747,49.503155
CZ,Prostějov hlavní nádraží,https://idos.cz/vlakyautobusymhdvse/odjezdy/vysledky/?f=Prostějov hlavní nádraží,17.129556,49.472367
CZ,Protivín,https://idos.cz/vlakyautobusymhdvse/odjezdy/vysledky/?f=Protivín,14.210543,49.212839
CZ,Přerov,https://idos.cz/vlakyautobusymhdvse/odjezdy/vysledky/?f=Přerov,17.446174,49.446352
CZ,Přeštice,https://idos.cz/vlakyautobusymhdvse/odjezdy/vysledky/?f=Přeštice,13.322624,49.575131
CZ,Příbram,https://idos.cz/vlakyautobusymhdvse/odjezdy/vysledky/?f=Příbram,14.003207,49.688845
CZ,Říkovice,https://idos.cz/vlakyautobusymhdvse/odjezdy/vysledky/?f=Říkovice,17.453698,49.379005
CZ,Radomyšl,https://idos.cz/vlakyautobusymhdvse/odjezdy/vysledky/?f=Radomyšl,13.948687,49.320278
CZ,Rakovník,https://idos.cz/vlakyautobusymhdvse/odjezdy/vysledky/?f=Rakovník,13.73629,50.099023
CZ,Ramzová,https://idos.cz/vlakyautobusymhdvse/odjezdy/vysledky/?f=Ramzová,17.063566,50.193805
CZ,Razice,https://idos.cz/vlakyautobusymhdvse/odjezdy/vysledky/?f=Razice,14.108497,49.24476
CZ,Rokycany,https://idos.cz/vlakyautobusymhdvse/odjezdy/vysledky/?f=Rokycany,13.591743,49.74038
CZ,Rosice nad Labem,https://idos.cz/vlakyautobusymhdvse/odjezdy/vysledky/?f=Rosice nad Labem,15.742745,50.045555
CZ,Roudnice nad Labem,https://idos.cz/vlakyautobusymhdvse/odjezdy/vysledky/?f=Roudnice nad Labem,14.263831,50.426599
CZ,Rousínov,https://idos.cz/vlakyautobusymhdvse/odjezdy/vysledky/?f=Rousínov,16.868347,49.19736
CZ,Rožnov pod Radhoštěm,https://idos.cz/vlakyautobusymhdvse/odjezdy/vysledky/?f=Rožnov pod Radhoštěm,18.134622,49.460456
CZ,Ruda nad Moravou,https://idos.cz/vlakyautobusymhdvse/odjezdy/vysledky/?f=Ruda nad Moravou,16.888735,49.983547
CZ,Rumburk,https://idos.cz/vlakyautobusymhdvse/odjezdy/vysledky/?f=Rumburk,14.550812,50.956836
CZ,Rybniště,https://idos.cz/vlakyautobusymhdvse/odjezdy/vysledky/?f=Rybniště,14.509803,50.88308
CZ,Rychnov u Jablonce nad Nisou,https://idos.cz/vlakyautobusymhdvse/odjezdy/vysledky/?f=Rychnov u Jablonce nad Nisou,15.143138,50.683789
CZ,Řetenice,https://idos.cz/vlakyautobusymhdvse/odjezdy/vysledky/?f=Řetenice,13.800922,50.642645
CZ,Sedlice,https://idos.cz/vlakyautobusymhdvse/odjezdy/vysledky/?f=Sedlice,13.936722,49.384578
CZ,Semily,https://idos.cz/vlakyautobusymhdvse/odjezdy/vysledky/?f=Semily,15.324055,50.603425
CZ,Skalice nad Svitavou,https://idos.cz/vlakyautobusymhdvse/odjezdy/vysledky/?f=Skalice nad Svitavou,16.609377,49.480682
CZ,Skrbovice,https://idos.cz/vlakyautobusymhdvse/odjezdy/vysledky/?f=Skrbovice,17.484351,50.052117
CZ,Skrochovice,https://idos.cz/vlakyautobusymhdvse/odjezdy/vysledky/?f=Skrochovice,17.776923,50.018407
CZ,Slaný,https://idos.cz/vlakyautobusymhdvse/odjezdy/vysledky/?f=Slaný,14.075687,50.228333
CZ,Slavičín,https://idos.cz/vlakyautobusymhdvse/odjezdy/vysledky/?f=Slavičín,17.899779,49.074297
CZ,Slavkov u Brna,https://idos.cz/vlakyautobusymhdvse/odjezdy/vysledky/?f=Slavkov u Brna,16.873777,49.145015
CZ,Soběslav,https://idos.cz/vlakyautobusymhdvse/odjezdy/vysledky/?f=Soběslav,14.726074,49.255259
CZ,Sokolov,https://idos.cz/vlakyautobusymhdvse/odjezdy/vysledky/?f=Sokolov,12.644155,50.186164
CZ,Stara Paka,https://idos.cz/vlakyautobusymhdvse/odjezdy/vysledky/?f=Stara Paka,15.486553,50.516176
CZ,Staré Město u Uherské Hradiště,https://idos.cz/vlakyautobusymhdvse/odjezdy/vysledky/?f=Staré Město u Uherské Hradiště,17.423108,49.076572
CZ,Staré Splavy,https://idos.cz/vlakyautobusymhdvse/odjezdy/vysledky/?f=Staré Splavy,14.629314,50.587398
CZ,Stod,https://idos.cz/vlakyautobusymhdvse/odjezdy/vysledky/?f=Stod,13.155596,49.640078
CZ,Strakonice,https://idos.cz/vlakyautobusymhdvse/odjezdy/vysledky/?f=Strakonice,13.916623,49.255349
CZ,Stříbro,https://idos.cz/vlakyautobusymhdvse/odjezdy/vysledky/?f=Stříbro,13.000208,49.740838
CZ,Studenec,https://idos.cz/vlakyautobusymhdvse/odjezdy/vysledky/?f=Studenec,16.069036,49.222458
CZ,Studénka,https://idos.cz/vlakyautobusymhdvse/odjezdy/vysledky/?f=Studénka,18.066619,49.707381
CZ,Suchdol nad Odrou,https://idos.cz/vlakyautobusymhdvse/odjezdy/vysledky/?f=Suchdol nad Odrou,17.938855,49.641993
CZ,Sušice,https://idos.cz/vlakyautobusymhdvse/odjezdy/vysledky/?f=Sušice,13.541799,49.246791
CZ,Světla nad Sázavou,https://idos.cz/vlakyautobusymhdvse/odjezdy/vysledky/?f=Světla nad Sázavou,15.416904,49.670534
CZ,Svitavy,https://idos.cz/vlakyautobusymhdvse/odjezdy/vysledky/?f=Svitavy,16.479636,49.758916
CZ,Svoboda nad Úpou,https://idos.cz/vlakyautobusymhdvse/odjezdy/vysledky/?f=Svoboda nad Úpou,15.82052,50.621691
CZ,Šternberk,https://idos.cz/vlakyautobusymhdvse/odjezdy/vysledky/?f=Šternberk,17.285959,49.720766
CZ,Šlapanice,https://idos.cz/vlakyautobusymhdvse/odjezdy/vysledky/?f=Šlapanice,16.729509,49.156881
CZ,Šumice,https://idos.cz/vlakyautobusymhdvse/odjezdy/vysledky/?f=Šumice,17.724121,49.030016
CZ,Sumna,https://idos.cz/vlakyautobusymhdvse/odjezdy/vysledky/?f=Sumna,15.87432,48.923126
CZ,Šumperk,https://idos.cz/vlakyautobusymhdvse/odjezdy/vysledky/?f=Šumperk,16.983104,49.961811
CZ,Švihov u Klatov,https://idos.cz/vlakyautobusymhdvse/odjezdy/vysledky/?f=Švihov u Klatov,13.29074,49.47394
CZ,Tábor,https://idos.cz/vlakyautobusymhdvse/odjezdy/vysledky/?f=Tábor,14.67755,49.414081
CZ,Teplice nad Metuji,https://idos.cz/vlakyautobusymhdvse/odjezdy/vysledky/?f=Teplice nad Metuji,16.178291,50.58133
CZ,Tlumačov,https://idos.cz/vlakyautobusymhdvse/odjezdy/vysledky/?f=Tlumačov,17.501314,49.254064
CZ,Tišnov,https://idos.cz/vlakyautobusymhdvse/odjezdy/vysledky/?f=Tišnov,16.418285,49.346841
CZ,Tršnice,https://idos.cz/vlakyautobusymhdvse/odjezdy/vysledky/?f=Tršnice,12.398452,50.112722
CZ,Třebenice,https://idos.cz/vlakyautobusymhdvse/odjezdy/vysledky/?f=Třebenice,14.00063,50.473837
CZ,Trutnov hl.n.,https://idos.cz/vlakyautobusymhdvse/odjezdy/vysledky/?f=Trutnov hl.n.,15.910772,50.565329
CZ,Třebechovice pod Orebem,https://idos.cz/vlakyautobusymhdvse/odjezdy/vysledky/?f=Třebechovice pod Orebem,15.982335,50.200016
CZ,Třebíč,https://idos.cz/vlakyautobusymhdvse/odjezdy/vysledky/?f=Třebíč,15.884784,49.211455
CZ,Třeboň,https://idos.cz/vlakyautobusymhdvse/odjezdy/vysledky/?f=Třeboň,14.760188,49.016272
CZ,Třemešná ve Slezsku,https://idos.cz/vlakyautobusymhdvse/odjezdy/vysledky/?f=Třemešná ve Slezsku,17.573794,50.199864
CZ,Třinec,https://idos.cz/vlakyautobusymhdvse/odjezdy/vysledky/?f=Třinec,18.661282,49.688009
CZ,Turnov,https://idos.cz/vlakyautobusymhdvse/odjezdy/vysledky/?f=Turnov,15.139066,50.586975
CZ,Tyniste nad Orlici,https://idos.cz/vlakyautobusymhdvse/odjezdy/vysledky/?f=Tyniste nad Orlici,16.074609,50.15472
CZ,Uherské Hradiště,https://idos.cz/vlakyautobusymhdvse/odjezdy/vysledky/?f=Uherské Hradiště,17.457285,49.066773
CZ,Uhersky Ostroh,https://idos.cz/vlakyautobusymhdvse/odjezdy/vysledky/?f=Uhersky Ostroh,17.403421,48.981978
CZ,Uhersky Brod,https://idos.cz/vlakyautobusymhdvse/odjezdy/vysledky/?f=Uhersky Brod,17.643829,49.021818
CZ,Újezdec u Luhačovic,https://idos.cz/vlakyautobusymhdvse/odjezdy/vysledky/?f=Újezdec u Luhačovic,17.685943,49.033172
CZ,Uničov,https://idos.cz/vlakyautobusymhdvse/odjezdy/vysledky/?f=Uničov,17.115722,49.77924
CZ,Ústi nad Labem-Strekov,https://idos.cz/vlakyautobusymhdvse/odjezdy/vysledky/?f=Ústi nad Labem-Strekov,14.048377,50.649792
CZ,Ústi nad Labem Západ,https://idos.cz/vlakyautobusymhdvse/odjezdy/vysledky/?f=Ústi nad Labem Západ,14.031019,50.658394
CZ,Ústi nad Orlici,https://idos.cz/vlakyautobusymhdvse/odjezdy/vysledky/?f=Ústi nad Orlici,16.378417,49.971322
CZ,Valašské Příkazy,https://idos.cz/vlakyautobusymhdvse/odjezdy/vysledky/?f=Valašské Příkazy,18.063607,49.165897
CZ,Valašské Klobouky,https://idos.cz/vlakyautobusymhdvse/odjezdy/vysledky/?f=Valašské Klobouky,18.022473,49.142211
CZ,Valašské Meziříčí,https://idos.cz/vlakyautobusymhdvse/odjezdy/vysledky/?f=Valašské Meziříčí,17.960438,49.474614
CZ,Valšov,https://idos.cz/vlakyautobusymhdvse/odjezdy/vysledky/?f=Valšov,17.437068,49.933648
CZ,Varnsdorf,https://idos.cz/vlakyautobusymhdvse/odjezdy/vysledky/?f=Varnsdorf,14.63887,50.903377
CZ,Velky Osek,https://idos.cz/vlakyautobusymhdvse/odjezdy/vysledky/?f=Velky Osek,15.194116,50.099616
CZ,Veselí nad Lužnici,https://idos.cz/vlakyautobusymhdvse/odjezdy/vysledky/?f=Veselí nad Lužnici,14.717013,49.193791
CZ,Veselí nad Moravou,https://idos.cz/vlakyautobusymhdvse/odjezdy/vysledky/?f=Veselí nad Moravou,17.382557,48.949033
CZ,Voltanov,https://idos.cz/vlakyautobusymhdvse/odjezdy/vysledky/?f=Voltanov,12.327483,50.167754
CZ,Vraz u Písku,https://idos.cz/vlakyautobusymhdvse/odjezdy/vysledky/?f=Vraz u Písku,14.12475,49.391877
CZ,Vrchlabí,https://idos.cz/vlakyautobusymhdvse/odjezdy/vysledky/?f=Vrchlabí,15.623198,50.618761
CZ,Vlkoš,https://idos.cz/vlakyautobusymhdvse/odjezdy/vysledky/?f=Vlkoš,17.165729,48.987911
CZ,Vešky,https://idos.cz/vlakyautobusymhdvse/odjezdy/vysledky/?f=Vešky,17.50206,49.042763
CZ,Vracov,https://idos.cz/vlakyautobusymhdvse/odjezdy/vysledky/?f=Vracov,17.220608,48.976531
CZ,Vsetín,https://idos.cz/vlakyautobusymhdvse/odjezdy/vysledky/?f=Vsetín,17.994444,49.335425
CZ,Všetaty,https://idos.cz/vlakyautobusymhdvse/odjezdy/vysledky/?f=Všetaty,14.584755,50.282025
CZ,Výškov na Moravě,https://idos.cz/vlakyautobusymhdvse/odjezdy/vysledky/?f=Výškov na Moravě,16.9915,49.278451
CZ,Záhorovice,https://idos.cz/vlakyautobusymhdvse/odjezdy/vysledky/?f=Záhorovice,17.777139,49.021207
CZ,Zastávka u Brna,https://idos.cz/vlakyautobusymhdvse/odjezdy/vysledky/?f=Zastávka u Brna,16.358641,49.1874
CZ,Zdice,https://idos.cz/vlakyautobusymhdvse/odjezdy/vysledky/?f=Zdice,13.979304,49.907732
CZ,Zlonice,https://idos.cz/vlakyautobusymhdvse/odjezdy/vysledky/?f=Zlonice,14.078204,50.284938
CZ,Zahlinice,https://idos.cz/vlakyautobusymhdvse/odjezdy/vysledky/?f=Zahlinice,17.491165,49.291908
CZ,Znojmo,https://idos.cz/vlakyautobusymhdvse/odjezdy/vysledky/?f=Znojmo,16.058815,48.852596
CZ,Zbiroh,https://idos.cz/vlakyautobusymhdvse/odjezdy/vysledky/?f=Zbiroh,13.786026,49.83292
CZ,Žamberk,https://idos.cz/vlakyautobusymhdvse/odjezdy/vysledky/?f=Žamberk,16.450115,50.073772
CZ,Zateč,https://idos.cz/vlakyautobusymhdvse/odjezdy/vysledky/?f=Zateč,13.555166,50.33659
CZ,Zateč Západ,https://idos.cz/vlakyautobusymhdvse/odjezdy/vysledky/?f=Zateč Západ,13.534851,50.338253
CZ,Zdar nad Sázavou,https://idos.cz/vlakyautobusymhdvse/odjezdy/vysledky/?f=Zdar nad Sázavou,15.939088,49.55398
CZ,Zdarec u Skutče,https://idos.cz/vlakyautobusymhdvse/odjezdy/vysledky/?f=Zdarec u Skutče,15.977903,49.82647
CZ,Železná Ruda Město,https://idos.cz/vlakyautobusymhdvse/odjezdy/vysledky/?f=Železná Ruda Město,13.229325,49.143092
CZ,Železný Brod,https://idos.cz/vlakyautobusymhdvse/odjezdy/vysledky/?f=Železný Brod,15.265706,50.63994
CZ,České Budějovice,https://idos.cz/vlakyautobusymhdvse/odjezdy/vysledky/?f=České Budějovice,14.48875,48.974616
CZ,Česka Třebová,https://idos.cz/vlakyautobusymhdvse/odjezdy/vysledky/?f=Česka Třebová,16.446807,49.897323
CZ,Ostrava hlavní nádraží,https://idos.cz/vlakyautobusymhdvse/odjezdy/vysledky/?f=Ostrava hlavní nádraží,18.267258,49.852089
CZ,Zábřeh na Moravě,https://idos.cz/vlakyautobusymhdvse/odjezdy/vysledky/?f=Zábřeh na Moravě,16.887216,49.87227
CZ,Ostrava,https://idos.cz/vlakyautobusymhdvse/odjezdy/vysledky/?f=Ostrava,18.262524,49.820923
CZ,Ústí nad Labem,https://idos.cz/vlakyautobusymhdvse/odjezdy/vysledky/?f=Ústí nad Labem,14.03944,50.658157
CZ,Plzeň,https://idos.cz/vlakyautobusymhdvse/odjezdy/vysledky/?f=Plzeň,13.362379,49.746502
CZ,Třinec centrum,https://idos.cz/vlakyautobusymhdvse/odjezdy/vysledky/?f=Třinec centrum,18.679987,49.671685
CZ,Bystřice,https://idos.cz/vlakyautobusymhdvse/odjezdy/vysledky/?f=Bystřice,18.717148,49.636364
CZ,Olomouc,https://idos.cz/vlakyautobusymhdvse/odjezdy/vysledky/?f=Olomouc,17.277932,49.593128
CZ,Brno,https://idos.cz/vlakyautobusymhdvse/odjezdy/vysledky/?f=Brno,16.612775,49.190537
CZ,Vyšší Brod,https://idos.cz/vlakyautobusymhdvse/odjezdy/vysledky/?f=Vyšší Brod,14.312741,48.605552
CZ,Zlin,https://idos.cz/vlakyautobusymhdvse/odjezdy/vysledky/?f=Zlin,17.660841,49.224047
CZ,Český Krumlov,https://idos.cz/vlakyautobusymhdvse/odjezdy/vysledky/?f=Český Krumlov,14.30825,48.817139
CZ,Benesov,https://idos.cz/vlakyautobusymhdvse/odjezdy/vysledky/?f=Benesov,14.676056,49.783913
CZ,Lubenec,https://idos.cz/vlakyautobusymhdvse/odjezdy/vysledky/?f=Lubenec,13.313201,50.132082
CZ,Praha Airport (Václav Havel),https://idos.cz/vlakyautobusymhdvse/odjezdy/vysledky/?f=Praha Airport (Václav Havel),14.268779,50.106386
CZ,Mikulov,https://idos.cz/vlakyautobusymhdvse/odjezdy/vysledky/?f=Mikulov,16.626084,48.802355
CZ,Horní Plána,https://idos.cz/vlakyautobusymhdvse/odjezdy/vysledky/?f=Horní Plána,14.032572,48.767365
CZ,Tarifpunkt 92 Wullowitz Staatsgrenze,https://idos.cz/vlakyautobusymhdvse/odjezdy/vysledky/?f=Tarifpunkt 92 Wullowitz Staatsgrenze,14.454119,48.644553
CZ,Frymburk,https://idos.cz/vlakyautobusymhdvse/odjezdy/vysledky/?f=Frymburk,14.168357,48.664013
CZ,Holohlavy,https://idos.cz/vlakyautobusymhdvse/odjezdy/vysledky/?f=Holohlavy,15.859399,50.308746
CZ,Humpolec,https://idos.cz/vlakyautobusymhdvse/odjezdy/vysledky/?f=Humpolec,15.348519,49.538357
CZ,Jilemnice,https://idos.cz/vlakyautobusymhdvse/odjezdy/vysledky/?f=Jilemnice,15.506665,50.60677
CZ,Navsi,https://idos.cz/vlakyautobusymhdvse/odjezdy/vysledky/?f=Navsi,18.754833,49.590149
CZ,Telč,https://idos.cz/vlakyautobusymhdvse/odjezdy/vysledky/?f=Telč,15.464026,49.182018
CZ,Příbor,https://idos.cz/vlakyautobusymhdvse/odjezdy/vysledky/?f=Příbor,18.14068,49.640621
CZ,Ceska Skalice,https://idos.cz/vlakyautobusymhdvse/odjezdy/vysledky/?f=Ceska Skalice,16.043476,50.394939
CZ,Špindlerův Mlýn,https://idos.cz/vlakyautobusymhdvse/odjezdy/vysledky/?f=Špindlerův Mlýn,15.593828,50.720036
CZ,Loučovice,https://idos.cz/vlakyautobusymhdvse/odjezdy/vysledky/?f=Loučovice,14.26056,48.619625
CZ,Vroutek,https://idos.cz/vlakyautobusymhdvse/odjezdy/vysledky/?f=Vroutek,13.31245,50.132053
CZ,Novy Jicin,https://idos.cz/vlakyautobusymhdvse/odjezdy/vysledky/?f=Novy Jicin,18.010036,49.597
CZ,Pavlice,https://idos.cz/vlakyautobusymhdvse/odjezdy/vysledky/?f=Pavlice,15.896022,48.972672
CZ,Vranovská Ves,https://idos.cz/vlakyautobusymhdvse/odjezdy/vysledky/?f=Vranovská Ves,15.920439,48.948998
CZ,Rožmberk nad Vltavou,https://idos.cz/vlakyautobusymhdvse/odjezdy/vysledky/?f=Rožmberk nad Vltavou,14.366843,48.655014
CZ,Zeletava,https://idos.cz/vlakyautobusymhdvse/odjezdy/vysledky/?f=Zeletava,15.672813,49.142258
CZ,Černá v Pošumaví,https://idos.cz/vlakyautobusymhdvse/odjezdy/vysledky/?f=Černá v Pošumaví,14.109135,48.738102
CZ,Zábřeh,https://idos.cz/vlakyautobusymhdvse/odjezdy/vysledky/?f=Zábřeh,16.035648,48.866871
CZ,Harrachov,https://idos.cz/vlakyautobusymhdvse/odjezdy/vysledky/?f=Harrachov,15.431421,50.772086
CZ,Kořenov,https://idos.cz/vlakyautobusymhdvse/odjezdy/vysledky/?f=Kořenov,15.365324,50.759259
CZ,Smržovka,https://idos.cz/vlakyautobusymhdvse/odjezdy/vysledky/?f=Smržovka,15.246402,50.738201
CZ,Tanvald,https://idos.cz/vlakyautobusymhdvse/odjezdy/vysledky/?f=Tanvald,15.307882,50.737529
CZ,Brno dolní nádraží,https://idos.cz/vlakyautobusymhdvse/odjezdy/vysledky/?f=Brno dolní nádraží,16.617,49.183
CZ,Boskovice,https://idos.cz/vlakyautobusymhdvse/odjezdy/vysledky/?f=Boskovice,16.65202,49.491604
CZ,Kubova Huť,https://idos.cz/vlakyautobusymhdvse/odjezdy/vysledky/?f=Kubova Huť,13.771824,48.983233
CZ,Loket u Čechtic,https://idos.cz/vlakyautobusymhdvse/odjezdy/vysledky/?f=Loket u Čechtic,15.116895,49.655492
CZ,Vimperk,https://idos.cz/vlakyautobusymhdvse/odjezdy/vysledky/?f=Vimperk,13.774486,49.052462
CZ,Čkyně,https://idos.cz/vlakyautobusymhdvse/odjezdy/vysledky/?f=Čkyně,13.829061,49.115034
CZ,Brtnice,https://idos.cz/vlakyautobusymhdvse/odjezdy/vysledky/?f=Brtnice,15.676422,49.306947
CZ,Horni Vltavice,https://idos.cz/vlakyautobusymhdvse/odjezdy/vysledky/?f=Horni Vltavice,13.758697,48.957049
CZ,Volyne,https://idos.cz/vlakyautobusymhdvse/odjezdy/vysledky/?f=Volyne,13.886239,49.165786
CZ,Zašovice,https://idos.cz/vlakyautobusymhdvse/odjezdy/vysledky/?f=Zašovice,15.725681,49.258237
CZ,Nove Hrady,https://idos.cz/vlakyautobusymhdvse/odjezdy/vysledky/?f=Nove Hrady,14.809565,48.779258
CZ,Chvalovice,https://idos.cz/vlakyautobusymhdvse/odjezdy/vysledky/?f=Chvalovice,16.064613,48.754863
CZ,Horni Dvoriste,https://idos.cz/vlakyautobusymhdvse/odjezdy/vysledky/?f=Horni Dvoriste,14.421978,48.601815
CZ,As (CZ),https://idos.cz/vlakyautobusymhdvse/odjezdy/vysledky/?f=As (CZ),12.199935,50.209437
CZ,Nyrsko,https://idos.cz/vlakyautobusymhdvse/odjezdy/vysledky/?f=Nyrsko,13.153375,49.29767
CZ,Hojsova Straz,https://idos.cz/vlakyautobusymhdvse/odjezdy/vysledky/?f=Hojsova Straz,13.174806,49.211751
CZ,Kdyne,https://idos.cz/vlakyautobusymhdvse/odjezdy/vysledky/?f=Kdyne,13.030754,49.383616
CZ,Konstantinovy Lazne,https://idos.cz/vlakyautobusymhdvse/odjezdy/vysledky/?f=Konstantinovy Lazne,12.975641,49.884909
CZ,Kynsperk nad Ohri,https://idos.cz/vlakyautobusymhdvse/odjezdy/vysledky/?f=Kynsperk nad Ohri,12.519249,50.125568
CZ,Praha-Cakovice,https://idos.cz/vlakyautobusymhdvse/odjezdy/vysledky/?f=Praha-Cakovice,14.519475,50.14894
CZ,Rohatec,https://idos.cz/vlakyautobusymhdvse/odjezdy/vysledky/?f=Rohatec,17.198072,48.892733
CZ,Sebuzin,https://idos.cz/vlakyautobusymhdvse/odjezdy/vysledky/?f=Sebuzin,14.05396,50.593052
CZ,Valtice,https://idos.cz/vlakyautobusymhdvse/odjezdy/vysledky/?f=Valtice,16.743011,48.747486
CZ,Zajeci,https://idos.cz/vlakyautobusymhdvse/odjezdy/vysledky/?f=Zajeci,16.781539,48.889659
CZ,Červená Voda,https://idos.cz/vlakyautobusymhdvse/odjezdy/vysledky/?f=Červená Voda,16.74736,50.031105
CZ,Dlouhá Třebová,https://idos.cz/vlakyautobusymhdvse/odjezdy/vysledky/?f=Dlouhá Třebová,16.4225,49.93555
CZ,Dolní Dobrouč,https://idos.cz/vlakyautobusymhdvse/odjezdy/vysledky/?f=Dolní Dobrouč,16.461035,50.001348
CZ,Libchavy,https://idos.cz/vlakyautobusymhdvse/odjezdy/vysledky/?f=Libchavy,16.39694,49.98916
CZ,Králíky,https://idos.cz/vlakyautobusymhdvse/odjezdy/vysledky/?f=Králíky,16.75388,50.08916
CZ,Jamné nad Orlicí,https://idos.cz/vlakyautobusymhdvse/odjezdy/vysledky/?f=Jamné nad Orlicí,16.6025,50.03972
CZ,Malá Morava,https://idos.cz/vlakyautobusymhdvse/odjezdy/vysledky/?f=Malá Morava,16.874424,50.089089
CZ,Mladkov,https://idos.cz/vlakyautobusymhdvse/odjezdy/vysledky/?f=Mladkov,16.62972,50.09194
CZ,Moravany,https://idos.cz/vlakyautobusymhdvse/odjezdy/vysledky/?f=Moravany,15.94638,50.00194
CZ,Prelouc,https://idos.cz/vlakyautobusymhdvse/odjezdy/vysledky/?f=Prelouc,15.57388,50.03972
CZ,Těchonín,https://idos.cz/vlakyautobusymhdvse/odjezdy/vysledky/?f=Těchonín,16.60805,50.06861
CZ,Verměřovice,https://idos.cz/vlakyautobusymhdvse/odjezdy/vysledky/?f=Verměřovice,16.5575,50.01138
CZ,Litomyšl,https://idos.cz/vlakyautobusymhdvse/odjezdy/vysledky/?f=Litomyšl,16.311281,49.86671
CZ,Pec pod Sněžkou,https://idos.cz/vlakyautobusymhdvse/odjezdy/vysledky/?f=Pec pod Sněžkou,15.73504,50.69482
CZ,Teplice,https://idos.cz/vlakyautobusymhdvse/odjezdy/vysledky/?f=Teplice,13.832382,50.642132
CZ,Plesna (CZ),https://idos.cz/vlakyautobusymhdvse/odjezdy/vysledky/?f=Plesna (CZ),12.344976,50.210947
CZ,Nejdek,https://idos.cz/vlakyautobusymhdvse/odjezdy/vysledky/?f=Nejdek,12.727467,50.319079
CZ,Varnsdorf Pivovar Kocour,https://idos.cz/vlakyautobusymhdvse/odjezdy/vysledky/?f=Varnsdorf Pivovar Kocour,14.604145,50.920124
CZ,Brandýs nad Orlicí,https://idos.cz/vlakyautobusymhdvse/odjezdy/vysledky/?f=Brandýs nad Orlicí,16.284123,50.000187
CZ,Lipno nad Vltavou,https://idos.cz/vlakyautobusymhdvse/odjezdy/vysledky/?f=Lipno nad Vltavou,14.219878,48.6434
CZ,Stara Boleslav,https://idos.cz/vlakyautobusymhdvse/odjezdy/vysledky/?f=Stara Boleslav,14.692122,50.209606
CZ,Steti,https://idos.cz/vlakyautobusymhdvse/odjezdy/vysledky/?f=Steti,14.393262,50.456688
CZ,Babylon,https://idos.cz/vlakyautobusymhdvse/odjezdy/vysledky/?f=Babylon,12.869047,49.39888
CZ,Bily Kostel nad Nisou,https://idos.cz/vlakyautobusymhdvse/odjezdy/vysledky/?f=Bily Kostel nad Nisou,14.917886,50.821189
CZ,Bily Kostel nad Nisou Skola,https://idos.cz/vlakyautobusymhdvse/odjezdy/vysledky/?f=Bily Kostel nad Nisou Skola,14.922165,50.823481
CZ,Bujanov,https://idos.cz/vlakyautobusymhdvse/odjezdy/vysledky/?f=Bujanov,14.43237,48.702009
CZ,Chrastava,https://idos.cz/vlakyautobusymhdvse/odjezdy/vysledky/?f=Chrastava,14.952279,50.813171
CZ,Chrastava-Andelska Hora,https://idos.cz/vlakyautobusymhdvse/odjezdy/vysledky/?f=Chrastava-Andelska Hora,14.957798,50.796783
CZ,Holkov,https://idos.cz/vlakyautobusymhdvse/odjezdy/vysledky/?f=Holkov,14.447777,48.851688
CZ,Horni Blatna,https://idos.cz/vlakyautobusymhdvse/odjezdy/vysledky/?f=Horni Blatna,12.766516,50.388098
CZ,Kamenny Ujezd,https://idos.cz/vlakyautobusymhdvse/odjezdy/vysledky/?f=Kamenny Ujezd,14.448883,48.891178
CZ,Kaplice,https://idos.cz/vlakyautobusymhdvse/odjezdy/vysledky/?f=Kaplice,14.467652,48.775145
CZ,Machnin,https://idos.cz/vlakyautobusymhdvse/odjezdy/vysledky/?f=Machnin,14.984802,50.787426
CZ,Machnin hrad,https://idos.cz/vlakyautobusymhdvse/odjezdy/vysledky/?f=Machnin hrad,14.969511,50.787893
CZ,Majdalena zast,https://idos.cz/vlakyautobusymhdvse/odjezdy/vysledky/?f=Majdalena zast,14.857497,48.965006
CZ,Mosty u Jablunkova,https://idos.cz/vlakyautobusymhdvse/odjezdy/vysledky/?f=Mosty u Jablunkova,18.751345,49.524459
CZ,Mosty u Jablunkova z,https://idos.cz/vlakyautobusymhdvse/odjezdy/vysledky/?f=Mosty u Jablunkova z,18.75112,49.50835
CZ,Nova Role,https://idos.cz/vlakyautobusymhdvse/odjezdy/vysledky/?f=Nova Role,12.780008,50.273413
CZ,Omlenice,https://idos.cz/vlakyautobusymhdvse/odjezdy/vysledky/?f=Omlenice,14.447454,48.725201
CZ,Pardubice-Cerna za Bory,https://idos.cz/vlakyautobusymhdvse/odjezdy/vysledky/?f=Pardubice-Cerna za Bory,15.831091,50.027325
CZ,Pernink,https://idos.cz/vlakyautobusymhdvse/odjezdy/vysledky/?f=Pernink,12.773446,50.365301
CZ,Praha Sidliste Repy,https://idos.cz/vlakyautobusymhdvse/odjezdy/vysledky/?f=Praha Sidliste Repy,14.298466,50.065313
CZ,Praha Zlicin (M),https://idos.cz/vlakyautobusymhdvse/odjezdy/vysledky/?f=Praha Zlicin (M),14.290646,50.053546
CZ,Praha-Bechovice,https://idos.cz/vlakyautobusymhdvse/odjezdy/vysledky/?f=Praha-Bechovice,14.59778,50.082195
CZ,Praha-Bechovice stred,https://idos.cz/vlakyautobusymhdvse/odjezdy/vysledky/?f=Praha-Bechovice stred,14.616693,50.08366
CZ,Praha-Holyne,https://idos.cz/vlakyautobusymhdvse/odjezdy/vysledky/?f=Praha-Holyne,14.348815,50.031586
CZ,Praha-Holyne (Tram),https://idos.cz/vlakyautobusymhdvse/odjezdy/vysledky/?f=Praha-Holyne (Tram),14.358236,50.027181
CZ,Praha-Horni Mecholup,https://idos.cz/vlakyautobusymhdvse/odjezdy/vysledky/?f=Praha-Horni Mecholup,14.565374,50.048135
CZ,Praha-Horni Pocernic,https://idos.cz/vlakyautobusymhdvse/odjezdy/vysledky/?f=Praha-Horni Pocernic,14.613394,50.115671
CZ,Praha-Klanovice,https://idos.cz/vlakyautobusymhdvse/odjezdy/vysledky/?f=Praha-Klanovice,14.664013,50.08731
CZ,Praha-Kolovraty,https://idos.cz/vlakyautobusymhdvse/odjezdy/vysledky/?f=Praha-Kolovraty,14.625997,50.013805
CZ,Praha-Reporyje,https://idos.cz/vlakyautobusymhdvse/odjezdy/vysledky/?f=Praha-Reporyje,14.308238,50.03244
CZ,Praha-Uhrineves,https://idos.cz/vlakyautobusymhdvse/odjezdy/vysledky/?f=Praha-Uhrineves,14.591353,50.033869
CZ,Praha-Zlicin,https://idos.cz/vlakyautobusymhdvse/odjezdy/vysledky/?f=Praha-Zlicin,14.297765,50.06418
CZ,Tremosna u Plzne z,https://idos.cz/vlakyautobusymhdvse/odjezdy/vysledky/?f=Tremosna u Plzne z,13.395356,49.803143
CZ,Velesin,https://idos.cz/vlakyautobusymhdvse/odjezdy/vysledky/?f=Velesin,14.436819,48.820001
CZ,Velesyn mesto,https://idos.cz/vlakyautobusymhdvse/odjezdy/vysledky/?f=Velesyn mesto,14.45318,48.836308
CZ,Vyhen,https://idos.cz/vlakyautobusymhdvse/odjezdy/vysledky/?f=Vyhen,14.473082,48.788548
